,GARCH,EGARCH,GJR-GARCH,HAR-RV,LightGBM,XGBoost,Ensemble,actual
2022-01-03,0.13937721226903727,0.15523305089089243,0.1214976021105292,0.1308071895382254,0.11916915781421474,0.10172071,0.1297845198738258,0.14258475057137224
2022-01-04,0.13161652922215786,0.14340101210769668,0.11674681392503089,0.10130729635594826,0.11942491777422187,0.109613426,0.11744958111744268,0.15652742059814256
2022-01-05,0.16529613899960222,0.17090645287612413,0.17848569559965244,0.09289690049451388,0.15751605574104782,0.1563724,0.13856969841172131,0.07464085950117058
2022-01-06,0.15500885620217436,0.15780489112857848,0.16854801869250952,0.1339796866953355,0.14549768210717093,0.15640962,0.14482874166822693,0.12608389998226374
2022-01-07,0.1473594379933941,0.15093093112902262,0.16189976639395953,0.13532263692882301,0.14392545724176264,0.15017748,0.14220251072132659,0.12288561274337705
2022-01-10,0.13897204367770669,0.14127931092687748,0.15360470910721172,0.1384530453568486,0.14476505073780077,0.14919856,0.14073004659078536,0.1798773455345848
2022-01-11,0.14061286996280675,0.14667044171304822,0.14645996254308707,0.14052917203093196,0.13479601134802627,0.15045929,0.13864601778058833,0.18150377879553048
2022-01-12,0.1335934792249577,0.13936603242995244,0.13929341083266805,0.15233034065173298,0.1386600645204645,0.14066558,0.14152796146571842,0.19685771598024332
2022-01-13,0.1493400755157039,0.15556405419883337,0.16712645621231367,0.11262918618468917,0.15142075406723124,0.15520544,0.13779667192254144,0.21623811843943475
2022-01-14,0.14059754618988055,0.14387182614298977,0.15803764467739456,0.13301362670445405,0.15189337846944917,0.16902542,0.14183485045459457,0.2170511314399093
2022-01-18,0.16790533045658115,0.16913208610233127,0.199222643602112,0.13011460691677976,0.1749607881764585,0.1750734,0.1576602418499398,0.19315884253338997
2022-01-19,0.16628565683714458,0.17287039999505643,0.19968198297557357,0.15661467115460373,0.23228846038950007,0.22339843,0.18506292946041614,0.18067988991194986
2022-01-20,0.1675264289568105,0.1787239352171394,0.20360122633150332,0.1588246964962492,0.2827096535919131,0.30282864,0.2030202596816576,0.16705019292215537
2022-01-21,0.1893189399696979,0.19930121709925344,0.23435389798313047,0.17264064034005064,0.30026746402135285,0.3402932,0.2207423481103671,0.1967053830506349
2022-01-24,0.1773416205659243,0.185637262316487,0.219737825055744,0.18634243950930932,0.3610939282529429,0.39753067,0.24159266277605884,0.2365370610887132
2022-01-25,0.17918410367637783,0.19124717577613762,0.2237305651078728,0.19224020425803448,0.3246770396574055,0.31203356,0.23203378253060594,0.2252743478188744
2022-01-26,0.16769079756926508,0.17708725528695685,0.21018502680044246,0.18286071460371173,0.3470923236583374,0.336262,0.23254794527710476,0.234666512717277
2022-01-27,0.15990870106949498,0.1705662551921932,0.20113276626586077,0.17747754832106796,0.2985045344574498,0.29818085,0.21196359461600423,0.29039926873671296
2022-01-28,0.20077569265508882,0.20396817202087417,0.1931391680649566,0.16979705937351258,0.23286109820607404,0.25350562,0.2011446167448918,0.23769567559369398
2022-01-31,0.21392671152311404,0.22107619289170924,0.18434132558133298,0.181341885822195,0.16704965149667975,0.1705218,0.18743941628066293,0.1988705894450535
2022-02-01,0.2026266786549804,0.2112659220289463,0.17412124911795415,0.19989933604155533,0.18410933931786072,0.16103026,0.19554511800479882,0.2017905094216545
2022-02-02,0.19579828692376636,0.20828192737585924,0.1651218577159741,0.19749465053242893,0.16532162496282315,0.15251641,0.1862048541396728,0.21623159120031135
2022-02-03,0.22820885338420105,0.23567691099638938,0.23444656551923296,0.20523598106556334,0.16964756075750562,0.17070581,0.20103079840242333,0.18129744097168696
2022-02-04,0.21396497704864462,0.22296020933615396,0.21993554064716264,0.23721690462338427,0.17537435481095318,0.16708381,0.2088520788276607,0.22365457721615395
2022-02-07,0.20013953875114535,0.20809887814830286,0.20809088340818838,0.2179957214364965,0.17474644744327453,0.1871414,0.19762723587697215,0.22377324306479723
2022-02-08,0.19218777464038841,0.20271723329353308,0.19601451382479926,0.19948169764124124,0.18403667051591754,0.19548267,0.1919020475991824,0.24265419900198937
2022-02-09,0.1962893122630986,0.21134559098703176,0.18593786326866393,0.1995811949572396,0.15215682671013392,0.15778832,0.18267577797682408,0.22011490170549322
2022-02-10,0.20921033583075307,0.22642205409432,0.21785077883990348,0.2049350376767436,0.1914655718582498,0.19585049,0.20187031512191547,0.23385443353029778
2022-02-11,0.22182881805411175,0.23964580545167802,0.24537876162444566,0.18383394932865027,0.18200601676921746,0.20165993,0.19588959471732648,0.1969993382295615
2022-02-14,0.20734233598938098,0.22301163660033527,0.2314534974802145,0.2013242657572223,0.23097662603602012,0.21195956,0.21321440926087445,0.20808812889904968
2022-02-15,0.21164922563861213,0.23060366196000248,0.21850055077703368,0.20348535180661878,0.18685426472856514,0.17546293,0.20066294739126533,0.21993723593628894
2022-02-16,0.19703286609857965,0.20934151490127234,0.20511345569004974,0.21442510523820926,0.1987963235098084,0.20587115,0.20341809828219912,0.24380687037115845
2022-02-17,0.2186832947915008,0.22995855770834056,0.2452206430678552,0.20548562174383952,0.20441652965633064,0.21173376,0.20952848206389033,0.24704962244006823
2022-02-18,0.20724984902215027,0.219965821757249,0.2352750162784065,0.21465199803039822,0.19899761069790342,0.20734933,0.2069664859168173,0.2423387068573485
2022-02-22,0.20108031782159755,0.21801495756850703,0.2320509978067072,0.1974728895046703,0.20210638399908765,0.22365859,0.2002198637751185,0.25641078469354994
2022-02-23,0.2138310456020257,0.23246581233794428,0.254262306844161,0.20131909676397194,0.240408326095922,0.24424556,0.21851948948730657,0.25600007222790216
2022-02-24,0.21531891049198854,0.2365954715454955,0.23924543406438625,0.20504323074934452,0.25148767255559956,0.2700561,0.22394993793231088,0.23627632266359982
2022-02-25,0.2349043441220999,0.2542697426893877,0.22704933397320598,0.21670689463430481,0.20815391012819712,0.22003157,0.21992171629486726,0.1853388534851244
2022-02-28,0.21858091726946818,0.23358354734646375,0.2136727597684654,0.21909571316000157,0.2359581145634673,0.22595316,0.2245449149976457,0.28159542865240145
2022-03-01,0.22091262548016588,0.23908976733258405,0.2290399842805063,0.22002121210855652,0.2748114310426582,0.27900696,0.23858175621046018,0.2639996863865374
2022-03-02,0.22952944874762365,0.24924739712074825,0.2168805314794574,0.22923438207426938,0.23950896575279754,0.23260559,0.23275759885823022,0.2914599217761004
2022-03-03,0.2152509553349646,0.23417274142473288,0.2070078351004916,0.2314346988140857,0.20037295181293685,0.19519213,0.21568620198732905,0.2906583366579389
2022-03-04,0.2050649858067902,0.22457006395596424,0.2025593654125916,0.22259912498576148,0.23490811668315958,0.2625836,0.22085740915857044,0.29977096784466556
2022-03-07,0.253143590064594,0.2638237347402379,0.2850951573704989,0.19712892185584333,0.24819305161711497,0.2563581,0.23282185451251744,0.21774303944494555
2022-03-08,0.2389434717872038,0.24915776494069178,0.27085775046726557,0.2405942996437576,0.28905979815487093,0.27466828,0.25619918986194407,0.25955771540676953
2022-03-09,0.26278798364753575,0.27281488524914854,0.25689381348215684,0.2334381361017766,0.25678142099416895,0.28679934,0.25100251358116044,0.24417184128130373
2022-03-10,0.2449777866834198,0.2518517663833254,0.24278719713643349,0.24743791590070036,0.22465725007077023,0.22714725,0.23902431755163014,0.25744539345465783
2022-03-11,0.23873966198971952,0.250759003324148,0.24551354976842873,0.2506887252702499,0.19627952387417535,0.20529456,0.2285693037113816,0.25392034322604845
2022-03-14,0.22564154510641896,0.2381919943793414,0.23622898128527395,0.2617103491872291,0.22212573218048998,0.25277233,0.23649254215804602,0.24837217187056623
2022-03-15,0.24046491000727208,0.2553129199119275,0.22427644110139514,0.22306587589163238,0.18797871288777293,0.19698282,0.21716983292889247,0.21317193012029678
2022-03-16,0.25486443843423523,0.2704336802004925,0.21361223029464835,0.24093734764755198,0.17183709489417814,0.1708869,0.2225462936586551,0.1686105524310903
2022-03-17,0.24614785199806305,0.26478965137790966,0.20188049741046396,0.23170377978839204,0.18098266775031258,0.19418848,0.2196114331789226,0.17624359386606472
2022-03-18,0.2374581194323985,0.25772661014612464,0.19102791804787908,0.23554816190692268,0.1689243933626541,0.18026839,0.2139768915673251,0.15991588388192204
2022-03-21,0.22067804490520448,0.23335526397470807,0.18021556903656322,0.23140545748900088,0.21077805106268202,0.22513306,0.2209538511522958,0.16768494047736177
2022-03-22,0.2145876134163066,0.2305955533205953,0.17116474445107016,0.2309658266685052,0.1670482171442528,0.1661928,0.20420055240968824,0.17096637801880615
2022-03-23,0.2111881771267047,0.23136611098275295,0.1836081044979762,0.2131751557604666,0.16804550747783012,0.17293127,0.19746961345500047,0.15347015460496774
2022-03-24,0.2119378716743752,0.23551227785921344,0.17479561029445218,0.18965501715497676,0.16472611398948692,0.16989952,0.18877300093961294,0.16085522515068254
2022-03-25,0.19935934785182455,0.22092277324189794,0.16548120487805304,0.1879971067591633,0.1646504096623723,0.17234677,0.18400228809112004,0.15865527443340008
2022-03-28,0.19006790335810064,0.21248746374037203,0.15715707982224844,0.17526987587556206,0.1614458786290828,0.16003133,0.17559455262091517,0.16090267875278133
2022-03-29,0.18988096665285611,0.21432202622772834,0.15036224503717707,0.17350747919537005,0.14643608633562707,0.14354774,0.16994151072795108,0.16263864447134369
2022-03-30,0.18072773400523331,0.2061439249637868,0.14963675286705017,0.17209499333133446,0.15845014546813121,0.15247637,0.17042429093489966,0.1710194724585399
2022-03-31,0.19026445649845616,0.21575068703975778,0.1801513136202594,0.16337508688564903,0.16035293906046424,0.16555624,0.17133082748152315,0.13270796133508775
2022-04-01,0.17865708794657423,0.2012741885250089,0.17028688704375558,0.16519837655190678,0.15110311426084796,0.15088655,0.16498619291977631,0.1318423771577066
2022-04-04,0.17297968975489944,0.1978374569794583,0.161652625007188,0.16376493493738303,0.14719221653996248,0.15362929,0.1613122804107483,0.16944539780087783
2022-04-05,0.1764428218923218,0.20215362542818688,0.17695842726414665,0.16399520421294553,0.17963903410299548,0.18378901,0.17335902006942092,0.14581238735832303
2022-04-06,0.1737473050215419,0.2011627393272547,0.180713392107555,0.16414621244236477,0.1801014607712488,0.20921797,0.17266499274505184,0.15059813979225395
2022-04-07,0.16435690718708573,0.18935736533668865,0.17084810893474237,0.16900104069086852,0.17552636041302722,0.1914923,0.1696281027636605,0.17116115667874843
2022-04-08,0.15486163737704947,0.1778463745125033,0.16274167435741244,0.15017627425344174,0.172479305955659,0.16894017,0.15917240586205006,0.1701267403387681
2022-04-11,0.1734576385083769,0.19467260278420903,0.19494910161450016,0.14756194721902172,0.18483321658427587,0.18816572,0.16861760077055818,0.16471414240989865
2022-04-12,0.1635071190610918,0.18210908039894846,0.18535068048713607,0.16377005130509234,0.249002149237137,0.23518477,0.19209310653444037,0.16297055652628092
2022-04-13,0.16528843911245125,0.18700918170055755,0.17583337385576178,0.15182545628324068,0.184113900860222,0.18475118,0.16707593208530466,0.1773953051530197
2022-04-14,0.16914300849210848,0.1933201630607398,0.18697372159168724,0.1524708283886626,0.16422256721175038,0.16955748,0.1619454680308405,0.25265008647275916
2022-04-18,0.15849815092845132,0.17544889642816494,0.17647162188999993,0.16304878567321587,0.15745049220694557,0.17916377,0.1596658096028709,0.25584562955394224
2022-04-19,0.17306276282311406,0.1904072119972772,0.1686726757426415,0.1642997669339551,0.16650158880746774,0.18110271,0.16795470618817898,0.30618353162894435
2022-04-20,0.16208163429903416,0.17431328549181038,0.15974315538274164,0.16123222457799782,0.13554776540342303,0.14227407,0.15295387476015168,0.30651337772672077
2022-04-21,0.17296483376190533,0.1867434708052892,0.1838252520695513,0.16095047116533057,0.17394327506136087,0.17216407,0.16928619332953224,0.3360586324684813
2022-04-22,0.2247772604344978,0.22602909570104532,0.262570652175932,0.16831682841732296,0.2055345435486599,0.20028673,0.19954287746682686,0.37668756191210834
2022-04-25,0.21144663227902213,0.21395860101907316,0.24631854130702613,0.205627448139806,0.21937117576784057,0.22223388,0.21214841872888957,0.37667044084531215
2022-04-26,0.2525981074211217,0.2502744057653392,0.3056189736008873,0.2120770671201461,0.25025832734154924,0.24503174,0.23831116729427237,0.31933211397614736
2022-04-27,0.23478557277672238,0.22978212407779272,0.28601385117855094,0.24224235368259017,0.2965507699340021,0.26874262,0.2578595654644382,0.3813005815322257
2022-04-28,0.25684001534380374,0.25362492799843295,0.2705488753311568,0.25086239427200374,0.2035032931416658,0.23537411,0.23706856758582442,0.4262459964104506
2022-04-29,0.3142550595388146,0.29985294066118784,0.36231915570054324,0.2731073266961135,0.2685243037634844,0.25843787,0.28529556333280415,0.3383374927324095
2022-05-02,0.2926309082955068,0.27903297893371054,0.33866649524145986,0.2984857950846996,0.2693490607938744,0.27814755,0.28682192139136026,0.40779265601495207
2022-05-03,0.27244722673253124,0.2588134762067307,0.3167076037252226,0.3061075340201988,0.25252698827703973,0.25557026,0.2770272496765899,0.406724739099355
2022-05-04,0.30068818564190236,0.2880608981597743,0.29980682022486066,0.2826757796387282,0.22298444494736436,0.24797498,0.26878280340933164,0.36834101741304603
2022-05-05,0.343542818556837,0.32759060744269347,0.3786451717100667,0.31475546223530054,0.2628315282413004,0.26954076,0.30704326967781265,0.2633359217663124
2022-05-06,0.31936356772040203,0.3014586744730015,0.3559346561385891,0.34047777408985624,0.2578243615908843,0.25049305,0.3058885678003809,0.309449658790925
2022-05-09,0.34632976368411134,0.33344675179312544,0.4032899435593273,0.30106093503003223,0.2766547279449694,0.26950338,0.30801514221970433,0.2076304532663971
2022-05-10,0.3220423874263495,0.30147915102580436,0.37797361706451116,0.3341074224724924,0.3025944032724909,0.29249248,0.31958140439044425,0.2508068238409662
2022-05-11,0.31199660157823245,0.30040848672580883,0.3718494138096931,0.3397186946673508,0.3132639988712854,0.2905465,0.32165976503895627,0.36702437625614215
2022-05-12,0.2888145774119825,0.2705413023843948,0.34747679616274463,0.32350345123325774,0.3501617647853761,0.36260244,0.32082659781020545,0.3692525679056179
2022-05-13,0.2981314051056315,0.2872624725736838,0.32682081677834285,0.2695234431385035,0.2276621479107612,0.2231091,0.26510566538496544,0.3290946301586641
2022-05-16,0.2769065062402955,0.26362948189779134,0.30687068753800484,0.28882042692402093,0.22687796283888623,0.24903138,0.26420163200106755,0.35291760947957973
2022-05-17,0.2797518762447937,0.2747872976754876,0.2888012904193301,0.23403142093424759,0.19906554849629446,0.2083671,0.23761628189177855,0.32833578704057154
2022-05-18,0.34659889095129187,0.32729839772977654,0.3965435439079944,0.2447763967177914,0.21766537631593635,0.22645386,0.26968022132833985,0.16301025548088213
2022-05-19,0.32209574783133954,0.30251616805276094,0.3725492934620629,0.2962025743311102,0.22820492745072976,0.23428984,0.2821677498710598,0.21067335617496263
2022-05-20,0.297977618491111,0.2703387652545338,0.34800633628365657,0.30390301701807715,0.2327251822771798,0.23779467,0.27820193926212267,0.27292778632095654
2022-05-23,0.2943433186670867,0.2766707253007949,0.3265000639161677,0.2883286244908351,0.20957557379181474,0.23838712,0.26408250564991215,0.24382498611792164
2022-05-24,0.27632979184937884,0.2624782557800564,0.3106514216777169,0.3073990670309801,0.2508677987342139,0.25140327,0.27819888587152425,0.24278165813558789
2022-05-25,0.2613977376316417,0.2536430483654182,0.2909953831152239,0.30127380599123743,0.2273271427126237,0.2514068,0.26333289544516764,0.26700978489904786
2022-05-26,0.26615301732927515,0.26537625062237535,0.27414373274385206,0.21792717051832028,0.20798819843895108,0.21152496,0.23068946209551547,0.2558322384969476
2022-05-27,0.281949204181977,0.283403425470559,0.25963443476050313,0.22961178475421537,0.1912012938429347,0.18307169,0.23425409425970903,0.18930740594075293
2022-05-31,0.2635651546383415,0.2653114046394215,0.24741381320087452,0.2534761263523607,0.18193049766693856,0.19881602,0.23299059288588028,0.1958788261548055
2022-06-01,0.24796826400080982,0.2514487977724195,0.23806599088794145,0.23447715774056643,0.2150271536498172,0.22766572,0.23249085846373116,0.20362059680796804
2022-06-02,0.2517036737950062,0.26100927060842155,0.22529690974441863,0.2287409998039708,0.18508377379458216,0.19795069,0.22184281579785306,0.2321434777769116
2022-06-03,0.25101829171648166,0.2641436735445031,0.24138665106176385,0.24434630147893574,0.18278975550250223,0.20233652,0.2260514495659732,0.2901469576193821
2022-06-06,0.23358942346646233,0.24301563176582155,0.22661595264801665,0.24161123682152047,0.21190663662098794,0.20134886,0.22903576563632355,0.4030959948983985
2022-06-07,0.22337449608303403,0.23690687265371838,0.2134441887041329,0.20722558025238802,0.19876351420708635,0.20157738,0.20978786351416948,0.39834527014993604
2022-06-08,0.2163545135054169,0.23248063032871225,0.21481709326551196,0.2063528985087863,0.1841737226839516,0.19299535,0.2022937115660516,0.40412939112820434
2022-06-09,0.2420551591009646,0.2557553161744232,0.26369632525861597,0.2069369016492742,0.19784359982533675,0.19714251,0.2156118868585252,0.4349023209487322
2022-06-10,0.27872769501798694,0.2855226106321714,0.32292694549068907,0.21658419972469767,0.20402914419311632,0.195466,0.233113679645267,0.3813093300941034
2022-06-13,0.3396842622108139,0.33407588529454535,0.41056755681053553,0.24307541965562,0.22412204755535062,0.245705,0.2689605764739282,0.3099591154305996
2022-06-14,0.3148049159408232,0.3049833412956545,0.38420635235888817,0.30389302073182967,0.31911960784701765,0.33095983,0.3126058481732235,0.30893316360759265
2022-06-15,0.302306214191027,0.29750695491785734,0.3595280071366216,0.3134287497510199,0.27296479739886503,0.2953733,0.29623325378030396,0.2989953761774426
2022-06-16,0.3351618764625846,0.3297411863828109,0.40854110731251553,0.327238855117632,0.31986799853927056,0.3166391,0.3274229100398291,0.2828755015780703
2022-06-17,0.3101941322195287,0.29938696080906635,0.3814191252577337,0.35269010164563247,0.27566887286375835,0.3161943,0.3128510355763065,0.2832344948470925
2022-06-21,0.3172079800480778,0.31149937839650454,0.35821589287887884,0.3349605528265466,0.3004844104854296,0.33096942,0.317550981120018,0.26761410616566644
2022-06-22,0.2935880572665597,0.2813291768705554,0.3348372907188883,0.2986313161439559,0.24428268581732604,0.2629509,0.27883401974261385,0.2675020865101644
2022-06-23,0.27697303906558807,0.2694956664377545,0.3133846422236606,0.2930586981731477,0.22650846316732434,0.24914014,0.2655134001353534,0.26631226174715866
2022-06-24,0.306754429986924,0.29866380673691273,0.2968765442284369,0.28291257154079263,0.23046809747344105,0.2257017,0.27337836633371926,0.1754922553691316
2022-06-27,0.28440807992043204,0.2723052449531215,0.27865972928395677,0.2673491289873846,0.23955649760521866,0.25753477,0.2637712355043451,0.17457659376327586
2022-06-28,0.28689254603547787,0.2812194571040259,0.29768592065097127,0.2619861578500663,0.19935653387709037,0.20474805,0.2494117459208782,0.10123796291849081
2022-06-29,0.2657677026496475,0.2547583685929393,0.27866580457577383,0.25342696788503016,0.18390553290165848,0.19663301,0.23436673447877868,0.14609408987594644
2022-06-30,0.25125715274230825,0.24553110945116471,0.26825467547672754,0.2514224575723666,0.18322256731234474,0.19888858,0.2286340592090065,0.13220125468902155
2022-07-01,0.24040031992720998,0.23976595761402617,0.2519189704905266,0.2491076700430161,0.20385894267049642,0.2199119,0.23112231088024082,0.13673860291073725
2022-07-05,0.2234128195788632,0.21856879799190082,0.23630333829793138,0.20348941582302146,0.21248242461491318,0.22110856,0.21312822000559928,0.15138680042702582
2022-07-06,0.20869202986927113,0.2043914153675059,0.2219407458549787,0.19688648809793355,0.20885231493562506,0.21864545,0.2048102776342766,0.15258570657331152
2022-07-07,0.21126861853331405,0.21277265720593008,0.2098994662792619,0.1551999624130421,0.16999365115263018,0.16728947,0.17882074403299544,0.11232559668341431
2022-07-08,0.19673025721718404,0.19385335669954606,0.19761603417973997,0.1676010163614874,0.17238369760016503,0.17179245,0.1789049903929455,0.17553779830669744
2022-07-11,0.19452286169891891,0.1977859470147283,0.20330380831810804,0.15403716289634226,0.17873683109817293,0.18123315,0.17576561856447803,0.16611255129874866
2022-07-12,0.1886970732574047,0.19562170434317885,0.20229703261485008,0.1536242857819442,0.17304607619250442,0.17750193,0.17178914507728446,0.2463359451873329
2022-07-13,0.17790366782488992,0.18742379031392897,0.1931058282554549,0.15848142539622648,0.16839150909379982,0.18236999,0.16825886743830543,0.24782540269073675
2022-07-14,0.16709690253425566,0.17469921117475354,0.1826510052206441,0.161590123779438,0.18008757018266625,0.18219475,0.1695915321654533,0.2565467071491508
2022-07-15,0.18911945533497815,0.19689215122873116,0.1750491534620642,0.1413758047262218,0.17954552010583122,0.20367524,0.17001359338901043,0.22806987067969506
2022-07-18,0.18263979025569135,0.1932819904462141,0.17567563896368377,0.17000443894540707,0.17921267857715842,0.18747315,0.1772856359260856,0.2203355785313631
2022-07-19,0.2285316209384397,0.2305162513547923,0.1715481609985181,0.16628150516480023,0.16743674143881293,0.17512551,0.1874166225140176,0.13381657993325283
2022-07-20,0.21491974251956616,0.21778371072697755,0.16254114053444801,0.20541243913670665,0.15738029735255746,0.16673568,0.19257082633627676,0.22308212781840203
2022-07-21,0.20735135760471274,0.2156784793512998,0.15481505965364428,0.21017394391796573,0.15793745787955502,0.17192195,0.19182091980074448,0.22856738513568586
2022-07-22,0.20006220531541735,0.21185795359636722,0.16105338628311178,0.22100725438812574,0.1766631289501413,0.1735872,0.1992441962178948,0.24050618304319465
2022-07-25,0.18661872416252862,0.1941414594196781,0.1526914510481224,0.211003131400176,0.1545803165911708,0.162191,0.1840673907179585,0.24116172694700047
2022-07-26,0.18590285768733367,0.19692802680767044,0.16638562294173717,0.2100739594249435,0.17370435457494518,0.17376941,0.18989372389574077,0.23155384410101448
2022-07-27,0.22556457622134254,0.22998616457330798,0.16274758270929732,0.16561662782498293,0.15416123432783918,0.16463737,0.18178081279138822,0.17931161657347225
2022-07-28,0.2202229848946351,0.22926143805165602,0.15539811117557922,0.20280729314711887,0.16261168128974365,0.1658552,0.19521398644383256,0.15764640154066298
2022-07-29,0.21942302535083885,0.23363553335089166,0.14918896102786475,0.20342263518878795,0.16077053979676867,0.15966286,0.19453873344546513,0.12228955772819808
2022-08-01,0.20470851996789935,0.21650962895600973,0.14323629780075456,0.2091373159566991,0.17885565748874077,0.16747975,0.19756716447111308,0.12095125353449594
2022-08-02,0.19431164650598326,0.20729173725530925,0.14428487487036376,0.21039651519639768,0.16880117540986475,0.17051509,0.19116977903741525,0.11528551264259497
2022-08-03,0.2008507383086584,0.21674281479992674,0.13956108248453572,0.2112454201730859,0.1644612413435289,0.14853303,0.19218579994175775,0.15337421144688473
2022-08-04,0.1872420627795971,0.1972460395699427,0.1332095108163086,0.18621828241817107,0.14451784362468026,0.13535897,0.17265939627414947,0.1533566820094757
2022-08-05,0.17506114445747545,0.18266595245008396,0.12784773130700997,0.17293461788972503,0.16223436584246784,0.15558513,0.17007670939655609,0.19557663174822995
2022-08-08,0.16392369747970736,0.16795770312822633,0.12279209294021251,0.15137350831923851,0.1531923635246089,0.14797027,0.15616318977451826,0.1973929052772998
2022-08-09,0.15552179429139257,0.16081024395881321,0.12164973860372211,0.14426165172142688,0.13741538285574614,0.13351738,0.14573294295618852,0.19551795920855153
2022-08-10,0.18749554910378557,0.1900129979108648,0.1215362014925569,0.1355201794860535,0.1212835771363695,0.11638975,0.14809976857540286,0.13608070845452672
2022-08-11,0.17510014649129274,0.17322708030420222,0.11689186071124595,0.15078585022793,0.13710402334286098,0.12926537,0.15433000668736124,0.1369374877231421
2022-08-12,0.18976323172914566,0.19120634401111436,0.11582948292709866,0.15055988388101962,0.13023432410015198,0.1255804,0.1568524799034391,0.11127917665510922
2022-08-15,0.17848798550288122,0.18010157615282033,0.11182670497974562,0.17304053612398118,0.13232307631942936,0.13202426,0.16128386598209724,0.1875557991941493
2022-08-16,0.1672108660997538,0.16820559923259457,0.10810000054337135,0.1783362862508488,0.15086029444253868,0.12889825,0.1654691489310471,0.18775826087504396
2022-08-17,0.16182467143947496,0.1668093873805267,0.11648415654814999,0.18189569633587027,0.15590061143993264,0.15000387,0.16654032640509264,0.18171693368240951
2022-08-18,0.1523265833233625,0.1555431657649363,0.11229682194675568,0.15497664398092353,0.1344288098015894,0.12416434,0.14724401236862514,0.20647249545020893
2022-08-19,0.16049475847244493,0.1678585977572588,0.14170216858098444,0.1539148392200842,0.13781356708927422,0.14344604,0.15074105492726778,0.30548459608170014
2022-08-22,0.19297004132090173,0.19713949990996174,0.2032430041190699,0.13757027349115247,0.18086183164286185,0.21426097,0.1704673821516387,0.26831046369776707
2022-08-23,0.18046110424951348,0.1823050234112656,0.19201165783065693,0.16985978260351264,0.2163123846787949,0.21557187,0.18887775717727365,0.27916927161078886
2022-08-24,0.16945307680248778,0.1711429111586045,0.1811011243205487,0.1693282516157132,0.18935180547812333,0.18605526,0.17604437796544145,0.2839227220782401
2022-08-25,0.17685268529260628,0.18289886197684932,0.17245215302331984,0.16893381211966296,0.1756470610760467,0.1891423,0.17381118616277194,0.2668227056405804
2022-08-26,0.2527624903293495,0.23837178671975842,0.29068794354234645,0.18377268064034014,0.2228187053712088,0.20916921,0.21978462544696611,0.13371829786005537
2022-08-29,0.23747105690519915,0.226463058890876,0.2761024637285912,0.23758830191507457,0.22020071262530816,0.25258052,0.2317533571485273,0.12835273869273647
2022-08-30,0.22906788685973292,0.2242348186777951,0.27005609186418467,0.22592793916927434,0.2216434625382776,0.2102252,0.2255464295224283,0.16408797582825474
2022-08-31,0.21734617386801852,0.21748671364578884,0.2589282469640761,0.2357151253622194,0.19299203907518744,0.20552127,0.21535111276847516,0.16127296514181846
2022-09-01,0.2028952736159294,0.20252191271343375,0.24275896920059753,0.24344338874093308,0.2144039602848973,0.21833812,0.2202475408805866,0.19270438861932696
2022-09-02,0.1984067873733704,0.20313272496609236,0.24006055429998935,0.23940218433028942,0.24795187098357505,0.26166388,0.2285869475624116,0.1919615073168625
2022-09-06,0.1863799707699075,0.19099651525576294,0.22712585617129893,0.1721459043834319,0.21567239637101665,0.22302394,0.19139942384145203,0.3666882747516545
2022-09-07,0.20141195420251715,0.2086116490230369,0.21528402362383708,0.16221012863058576,0.1952274294358858,0.21005195,0.18628317075632958,0.34407576727646827
2022-09-08,0.1912659768461302,0.20060932249041116,0.20271608441946218,0.17183435446588807,0.16579049625643347,0.17031045,0.17629694252281725,0.3503279492687771
2022-09-09,0.19748600286832116,0.2099803271815066,0.19237777903750355,0.16428562665951518,0.144467861246729,0.15231292,0.1687464969248551,0.3372997659179993
2022-09-12,0.193269477036924,0.20971799683032466,0.18214023949769545,0.17440210416678387,0.1558595568015754,0.15190358,0.17451037933509442,0.3324722800225695
2022-09-13,0.30541706591324624,0.28303748940028645,0.3548127190054406,0.17737807890488194,0.18871248024427315,0.1846638,0.22383587502080046,0.13621625382809835
2022-09-14,0.28331794240349867,0.2625600535933813,0.33151642514804736,0.2671360382759643,0.23379296934973487,0.26663798,0.2614156500097326,0.18166264047394048
2022-09-15,0.27059391701060603,0.25566651017795655,0.319852545523145,0.26764825935702846,0.2288109934988599,0.28282815,0.25568438995549814,0.17344078116349382
2022-09-16,0.2544024084061004,0.24378209947488763,0.30391469572410457,0.2812169274519566,0.22967153549985397,0.28101915,0.25509695711930364,0.20662072740084075
2022-09-19,0.239427423350757,0.2312970969297917,0.285180619312081,0.28397755410486636,0.24655573367316475,0.31903112,0.2566535703762627,0.213971558865611
2022-09-20,0.23141800794366105,0.22994897699889194,0.2789278543000699,0.29036604615427153,0.250356543323078,0.27383304,0.2573801991403369,0.19883190436287124
2022-09-21,0.23573551109251828,0.2388298789830652,0.28795596524886463,0.19275387150435191,0.21210645792972774,0.21947093,0.2135319468421993,0.2088995091886962
2022-09-22,0.22429567728108415,0.23169980917250232,0.2764752670291733,0.20422659008938676,0.21619290596102306,0.2160921,0.21490505777716465,0.25101485206224705
2022-09-23,0.23007734948044994,0.24115969246220537,0.2862352472482312,0.1911600436653514,0.2297671960728252,0.23032464,0.21700152973954215,0.2437115409169626
2022-09-26,0.22178410612248498,0.23623319938692117,0.2780954145799785,0.1987251867456245,0.2885319385355948,0.26878908,0.23634707713456807,0.2947252913769932
2022-09-27,0.20690218473843194,0.21633457502468367,0.2614167637420222,0.1957763986679708,0.31586618363437663,0.29887375,0.23951492234692642,0.3638347778528044
2022-09-28,0.22121881968904572,0.23275375033734436,0.24762089276228091,0.19248857297322675,0.2542717385421381,0.24759993,0.22265971040147017,0.336829096546339
2022-09-29,0.23771544265030578,0.24987851738923456,0.2760312568000032,0.1978220940519696,0.22769991702097,0.23383753,0.2210791512410818,0.3095466861470538
2022-09-30,0.23664699789108287,0.25361562869221904,0.2797412630672571,0.2201769306261388,0.24545127432566866,0.2471707,0.23409173428096344,0.35335968230940823
2022-10-03,0.2619043125912709,0.27721421912217964,0.26587312944967895,0.218794893291076,0.22085200273346275,0.20980899,0.23385040287193656,0.30789718949414224
2022-10-04,0.2952154225460084,0.3049357171849659,0.2545411381918099,0.24533208017825708,0.211379919754751,0.1966706,0.25064247415967217,0.22631147883790723
2022-10-05,0.27404208508796357,0.2769879031689724,0.23957794340933602,0.2846652306155277,0.22144987109854347,0.23121162,0.2600523956006782,0.22706569183065353
2022-10-06,0.2607406042872169,0.26679419981225244,0.2364018190996134,0.28077467272563583,0.24589232466742783,0.24124274,0.26246920056009354,0.28166053560662313
2022-10-07,0.2890123619099908,0.2944765051629646,0.2973326301683793,0.27295615100933357,0.24500120772912198,0.25099295,0.2689899068828155,0.25995287546605733
2022-10-10,0.27135368469684146,0.2767715056761467,0.2837042321140183,0.29881455130829615,0.26017552687098583,0.2690916,0.27678125429204115,0.314883082249049
2022-10-11,0.254535058728482,0.26023562353182816,0.27005511727278475,0.280498597405496,0.24880235950003624,0.2670628,0.26127867187800474,0.32171819212791547
2022-10-12,0.23723094707411016,0.24110456346121661,0.25457705716158957,0.2378724970484059,0.30276456013959524,0.2884689,0.2592893347540371,0.32436663732064425
2022-10-13,0.2625929168984414,0.2652827327443048,0.24289030936562278,0.23253522603964727,0.30442876968365645,0.3181465,0.266518970873915,0.27442077269687537
2022-10-14,0.2777830604321723,0.2831329498523155,0.2825750658241217,0.2543538811384058,0.2459316238673839,0.23766892,0.2593561884793207,0.2722387484429194
2022-10-17,0.2958477001687031,0.3014090960127692,0.26862035023662495,0.23948675053263807,0.21941232116131565,0.22824365,0.2515822572875523,0.21614655455103093
2022-10-18,0.2815502325082379,0.29181121821514044,0.252906397525406,0.2635730820546417,0.23674769840889157,0.23415202,0.2606236709905904,0.23094233459288763
2022-10-19,0.26390913897832613,0.273707656681198,0.2421624190115616,0.27151763016404784,0.21002531535863606,0.22785912,0.24848402816700332,0.23204925801802342
2022-10-20,0.24908421400465897,0.2591315499258447,0.23436240516290577,0.2777794574799821,0.24023156002852417,0.21932703,0.2556984105043884,0.2291534795491981
2022-10-21,0.26561718155611325,0.2778823472058764,0.22383426908576337,0.2563780776487432,0.20200652171405187,0.19535853,0.24133392697296943,0.23373261666766137
2022-10-24,0.25524233846823047,0.2715399569875229,0.21164088903322276,0.2565461296847613,0.1880707279314159,0.18935513,0.23328639869480253,0.2245455092578173
2022-10-25,0.2535247850181563,0.27250619534007664,0.2012387236854514,0.22713419443089236,0.18085604945382708,0.18002833,0.2205050096342919,0.19531924976066614
2022-10-26,0.2391684005887223,0.2583075942119572,0.19674552902123768,0.22889111569406695,0.20225434379849785,0.18957172,0.22343795336042901,0.260172178348612
2022-10-27,0.2250232881720523,0.24367881309732553,0.1905114408052854,0.22457843970287478,0.2001873197260597,0.1950123,0.2165963492003289,0.26743562212382066
2022-10-28,0.2492829630710847,0.26512311080150847,0.18438576221677064,0.2210783120901242,0.1782759267500622,0.18269251,0.21621240063709035,0.22564206027361505
2022-10-31,0.23540931913835245,0.25133784385542746,0.18193441161131813,0.22116005053566276,0.19841568754558042,0.19003095,0.2183283524065319,0.2295793843634094
2022-11-01,0.22020618397179387,0.23342484533557833,0.17444347281357792,0.2174710858435316,0.21118326675532567,0.1981034,0.21628684552355038,0.23114071477619055
2022-11-02,0.248665746110964,0.25977042786242566,0.241350084786499,0.20261977040865628,0.21674967720997415,0.21290547,0.2226783979098648,0.20816931159036725
2022-11-03,0.23858177865574137,0.2534503305085652,0.23869656091607389,0.23214695116585568,0.22020025138005037,0.20428953,0.23030966040054915,0.4293415270670532
2022-11-04,0.23428405029359417,0.25240483568576244,0.22559533856687575,0.23683689919245454,0.19901181538964197,0.19000761,0.2233775882918969,0.4235286301037411
2022-11-07,0.22437022460665318,0.2439489083471997,0.2129575386102806,0.21765164579320362,0.20812138542908687,0.19350907,0.2167144186096479,0.42287479662140187
2022-11-08,0.2112151498055689,0.23039563861173668,0.20090558343670142,0.21921893522637076,0.20890970784768842,0.20549788,0.2131145976265427,0.4254947090683158
2022-11-09,0.2288296735033465,0.2473117100671075,0.23922063811050742,0.22116459806518593,0.21463266286328261,0.20742075,0.22154231147727166,0.4028482871140425
2022-11-10,0.36753754116101817,0.3359261509784832,0.24186247885608775,0.20790282030362922,0.1744768226459766,0.16938373,0.24997239470354135,0.12673278618800177
2022-11-11,0.3440438652260137,0.31679307330292206,0.22792813487042388,0.31374957581380847,0.19300952103561034,0.18138146,0.2836009873584775,0.11372230905766724
2022-11-14,0.32251590843139644,0.2981077826511644,0.22341573700478481,0.3227099068313213,0.22796671699731724,0.23586239,0.2910641774200116,0.09815961043655674
2022-11-15,0.30272565210736047,0.28534660928001054,0.21084338792945218,0.3333869551238038,0.27821864154405135,0.25362584,0.30477708292507183,0.12252346067849965
2022-11-16,0.28552215911975454,0.27028954016963197,0.20735732747571706,0.3456698228231676,0.2584126555809086,0.24484043,0.29653487917461024,0.11534386619176762
2022-11-17,0.265718419318004,0.24954753768433163,0.19684682583243227,0.3465769784018018,0.26174343978380726,0.25795394,0.291346279167871,0.11325079596553703
2022-11-18,0.24838589880282352,0.23278844793160644,0.18612100635580064,0.20941767284328378,0.17472436313238568,0.20041493,0.2108426449261643,0.15459553839281145
2022-11-21,0.23209907583875006,0.21787471438941217,0.17812464871652406,0.18626921685282677,0.1632644423298414,0.1700246,0.19387757834047278,0.15252721557188342
2022-11-22,0.22873662712214554,0.2211946022172072,0.17009199832635344,0.16139828985133048,0.13423121388888873,0.15189303,0.17478871028745493,0.2468068357331622
2022-11-23,0.21558921523872546,0.21171347733291332,0.1615858185723798,0.15518677353061694,0.14313202507855433,0.14406347,0.17130267128263224,0.24330801293257423
2022-11-25,0.20107586952204634,0.19236234316093512,0.15350202213148612,0.13632224802860532,0.11438404980063971,0.12153885,0.1505940557837638,0.24344766966458192
2022-11-28,0.20667322183921036,0.2040382163044614,0.18164080870804594,0.13409105193768336,0.1476585519938684,0.14799476,0.16280760859025403,0.2519696279973719
2022-11-29,0.1931232196868153,0.1873752645879843,0.17229303679994495,0.15384406104617143,0.16421521213874118,0.15255255,0.17039416429057597,0.2719614508654159
2022-11-30,0.24725149475522895,0.23251006326476617,0.17054681026752402,0.1554274522538188,0.13781688413525192,0.144731,0.1801652770480999,0.16528521070713006
2022-12-01,0.23010556206693983,0.21169415616608847,0.1618368408173423,0.20309418836545862,0.166642765174868,0.15889631,0.19994750520242213,0.17352641616778722
2022-12-02,0.21445271495941928,0.19489180134869383,0.15394342092248878,0.20844333867642262,0.1564350006434336,0.15312532,0.1931103514264252,0.18105790623214946
2022-12-05,0.22366662020367425,0.2118975292326,0.19272295903017864,0.2156451353824683,0.17105686487655097,0.16849233,0.20345620682089782,0.1627322225786737
2022-12-06,0.2234192851093689,0.21825832269478432,0.20809281653304348,0.22446580372989997,0.1886677808052214,0.17858905,0.21218428988149676,0.13615558133951786
2022-12-07,0.20848742355955632,0.2010940806487396,0.1967784520081905,0.2395103542230936,0.18917866002640368,0.1775878,0.21239214593635122,0.14220011889865164
2022-12-08,0.1989616959213151,0.19583130182025751,0.18629207961939437,0.18847018330900367,0.19413031225636646,0.2078021,0.19385406382889506,0.222467909627907
2022-12-09,0.19032262894749866,0.1920737164428793,0.18350361705182064,0.1880724202856749,0.1912904398049202,0.18673742,0.1898951630126979,0.2303732879651091
2022-12-12,0.19457195442188524,0.20064965391027637,0.17514959827266563,0.1877879912121425,0.20997926326378738,0.20330396,0.19744640296593838,0.21694834382522418
2022-12-13,0.18627551592728317,0.195240148826341,0.16637173379621456,0.17485611364604411,0.17971652919561604,0.17019808,0.18028271958964778,0.210859999258716
2022-12-14,0.17752732770447807,0.1890601641658786,0.16340563838025873,0.154591652640179,0.1601103133392053,0.18136603,0.16407643122795412,0.23147815641204617
2022-12-15,0.2173343405909093,0.22112258800790255,0.2339226920513775,0.1545489394922336,0.17339090397943352,0.18359883,0.18175806135419215,0.179335256661857
2022-12-16,0.2119588189150118,0.22057005276747568,0.23355590987806046,0.19102997618102688,0.19799335106193428,0.18749805,0.20032738205265765,0.1660242842810345
2022-12-19,0.2040105476133638,0.21522567062098039,0.2286970820556186,0.19607437049833917,0.19717256799181537,0.20567569,0.19908582870117278,0.15578059117497048
2022-12-20,0.19057587240663781,0.19815521396100214,0.21542282808517477,0.192145292919312,0.17798429313151493,0.18251505,0.18690181948582155,0.17772033366741258
2022-12-21,0.19610263265385744,0.20754583938881752,0.20451677055947612,0.19388509434208182,0.1655527684419524,0.16585357,0.1851801651459639,0.18896936100335265
2022-12-22,0.20024292326277796,0.21431184962405614,0.21786090773286468,0.20818938672924026,0.19724972945926247,0.19158536,0.20189401315042688,0.159233522483805
2022-12-23,0.1898391854824884,0.20553255593899641,0.20560251262760826,0.18363784829055216,0.18485050766619493,0.18280923,0.18610918047974515,0.15633233584070183
2022-12-27,0.1789763138748608,0.19438353944470851,0.19608222730582828,0.17466396234113235,0.16965010456576574,0.16917944,0.17443012692725293,0.1626437786484762
2022-12-28,0.18056228282813944,0.19844270054135366,0.20336480373629853,0.16717722381611727,0.1883153706822177,0.1733648,0.1786849591088248,0.16123746138459807
2022-12-29,0.19442502571118025,0.21299409137744488,0.19399724262654996,0.17530073579053596,0.16520506039670135,0.17035674,0.1783102739661392,0.19131190777838603
2022-12-30,0.18228600046380372,0.1978442763010944,0.18418075066154976,0.17812171138324245,0.1884761579080419,0.17343023,0.1829612899183627,0.19053553010507404
2023-01-03,0.17211485674418525,0.18653745002661903,0.17648319936491988,0.16415448659042925,0.19738807658012186,0.18096451,0.17788580663824546,0.19475927635947518
2023-01-04,0.166700008275823,0.18303427281014872,0.16762472006781878,0.1619126655395104,0.17301952446856425,0.16777626,0.1672107327612992,0.2080957302104766
2023-01-05,0.1694298727516004,0.18798318601402209,0.17859146101887813,0.16460614932949574,0.16989286246982402,0.16236152,0.1679762948503067,0.19228701453681388
2023-01-06,0.20233769734789114,0.21565261088043328,0.1729953420864772,0.1626978023690945,0.15887122736393924,0.15299591,0.17463557569364163,0.10986687464016907
2023-01-09,0.1890095443087231,0.19736976108007714,0.16406390142365626,0.17559398832056086,0.1647918422881385,0.15991804,0.17646512497247416,0.11067621800090086
2023-01-10,0.18095334998620324,0.1915907811547285,0.1561674971373626,0.17649359582122234,0.17007298562714482,0.15266961,0.1758399771448568,0.14903454075282704
2023-01-11,0.18364179543201586,0.19737711346496742,0.1499336408396054,0.18051763945512467,0.14496577502644573,0.1379744,0.16970840330452874,0.13022566251273712
2023-01-12,0.17294565929819647,0.18576846751774304,0.14290963540574197,0.18890465946733534,0.15112765640531303,0.14429517,0.17099265839028163,0.18459592156392546
2023-01-13,0.1636745254662362,0.17609531171934445,0.13652911017386307,0.18372827238250747,0.13576386250449818,0.13949497,0.1610555534510806,0.2007607751171517
2023-01-17,0.15416313461672804,0.16397077110636313,0.13131103429108523,0.1432842068698334,0.12160523741342381,0.124985814,0.13968419296666176,0.20030527883447866
2023-01-18,0.1691695978625848,0.18024605461047,0.16631781148662442,0.13927705299954646,0.1447149932668582,0.14507347,0.1510538813763298,0.16650691490340608
2023-01-19,0.1643318055805212,0.17746795522572864,0.16655663699220558,0.15358059292322446,0.13893215618516114,0.14019282,0.15228151822963562,0.17550479279202993
2023-01-20,0.18604416705899157,0.19974218470975244,0.16091189273131318,0.1407989882267603,0.13373276824642064,0.15075594,0.15352530784405752,0.11580948234894041
2023-01-23,0.18568688917357837,0.20179992577928538,0.1538860473335616,0.1636527924331434,0.15014870581354156,0.14723112,0.1664961291400878,0.12234629526564524
2023-01-24,0.17396673279254204,0.1852468875790714,0.14665708284672585,0.17538713697548708,0.15501475266871217,0.14212221,0.16812287414558044,0.15997753727648684
2023-01-25,0.16324160154933018,0.1685846063100556,0.13994713934689315,0.17987928530006353,0.16567628255091157,0.15698905,0.16959905646676843,0.17618278658437128
2023-01-26,0.16487500350107523,0.17459421530356178,0.134827019035216,0.1658174972894188,0.14235738306861204,0.13815565,0.157683294619702,0.18902877384198194
2023-01-27,0.15557005801416227,0.1631631338366365,0.12916965978514247,0.17209466106071952,0.12994830892802245,0.13502806,0.1525376760009681,0.2021861332480707
2023-01-30,0.1631669768180644,0.17441313733357736,0.1530588622250429,0.14231791709767416,0.13592644256369996,0.14512444,0.14713711215981284,0.18494153695502183
2023-01-31,0.17300576480633384,0.18622384247224757,0.14748125798227354,0.14082785555181432,0.13153842460249265,0.1418856,0.1484573483202136,0.17832204323596892
2023-02-01,0.17214649140039437,0.18851990264688048,0.14158277107326978,0.15491339349523398,0.14494113918683846,0.1359386,0.1573336746941556,0.1805741785983559
2023-02-02,0.18042608315364864,0.19791762536011853,0.13709987252841707,0.16238385597144012,0.12829111138353425,0.13774987,0.1570336835028743,0.16074639949073205
2023-02-03,0.17855610027855104,0.19903482106607406,0.14945821334092763,0.16882216472906486,0.14665058174662746,0.15450725,0.16467628225141448,0.14360182327898094
2023-02-06,0.1708148990106904,0.19165922980694647,0.14867589317709945,0.17933471696729264,0.1483212935149592,0.15271963,0.16615696983098074,0.15887265240103043
2023-02-07,0.17512781312597137,0.19852534933508198,0.14312040128654926,0.1752883499641943,0.14871301607303639,0.15440308,0.1663763930544007,0.1303816547126054
2023-02-08,0.17536009905850378,0.20123881880944905,0.15672330206601276,0.1734783985201721,0.15533029708148305,0.16368918,0.16805626488671965,0.10549121127454461
2023-02-09,0.17159145718866362,0.1982688639220175,0.16117531218455766,0.17463151902137186,0.17278772686359473,0.1716339,0.17300356769121006,0.1299242421813564
2023-02-10,0.1615268458293817,0.18416654922231104,0.1533120019173978,0.16438567663375542,0.1522229016015084,0.15534681,0.15937847468821517,0.13047994299510465
2023-02-13,0.164324232002799,0.18838281954511227,0.14707019989359688,0.15358844475401934,0.14904034554636497,0.15628165,0.15565100743439444,0.17649476602525738
2023-02-14,0.15447184191654473,0.1728576101290099,0.14033359187085861,0.15857334451824856,0.15854041446585904,0.15432806,0.15719520030021744,0.1768372960880143
2023-02-15,0.14631169356744247,0.16236742376984695,0.1342152245915659,0.143365598616536,0.1487596071284707,0.14660046,0.1461456331041497,0.1797465162414962
2023-02-16,0.15783726359812822,0.1746684315418922,0.1601532390259749,0.1285795051373902,0.1440187807024662,0.15249312,0.14347851647932822,0.16807269194310168
2023-02-17,0.14935076393436644,0.1649483690461837,0.15352376419505234,0.13763855505901812,0.15513584508921666,0.14442603,0.1473750546942004,0.1683325738765815
2023-02-21,0.1795845544063571,0.1897967561198965,0.2019434369562356,0.1370888833264435,0.16953549337034057,0.16892983,0.16206964370104707,0.09025141331544397
2023-02-22,0.16858013821969156,0.17571091934773123,0.19121096759235762,0.15820696184593308,0.19138993145005084,0.1754352,0.17272567717189183,0.09566088472743262
2023-02-23,0.1610127114710829,0.16924329719684963,0.1811579388943944,0.1607742630837452,0.19225069016689295,0.16918977,0.1713458882405737,0.10296968712658625
2023-02-24,0.1622811219591653,0.17504954746674228,0.18651628734415784,0.16585704154243447,0.18521111478260477,0.16223662,0.17111642609473485,0.13371405919495524
2023-02-27,0.15353781982719839,0.16524966530802032,0.17670112645858319,0.1626493144893708,0.1841383768568391,0.16406019,0.1667751703911361,0.13201797357799241
2023-02-28,0.14563297160683572,0.1558369292379907,0.16887919381686978,0.16477500395950123,0.17197911790005924,0.15903342,0.16079569782213207,0.17025427607256993
2023-03-01,0.13995404056399713,0.15185398258974223,0.16364441021927895,0.1259232972341296,0.1490277508537145,0.15198903,0.13830169621728042,0.16720221423361142
2023-03-02,0.13874107053421425,0.15352538243520164,0.15597113189081158,0.12386710849273737,0.1510716271127428,0.14950377,0.13789326871323146,0.20634215225628014
2023-03-03,0.15811366656767745,0.17120917173846803,0.1504751755721394,0.12287108869220272,0.1287471678863949,0.14430225,0.136577307715425,0.2009082190955352
2023-03-06,0.1488694546234792,0.15770380118067287,0.14344760640435064,0.13424326259751412,0.1139864953289837,0.115362175,0.13236640418332568,0.20113523909101924
2023-03-07,0.16414484499046286,0.17415238899379104,0.173372717718395,0.1313573981740502,0.1384446563799575,0.13891329,0.14464896651482353,0.2046757356369038
2023-03-08,0.15449697008065436,0.16114658246754002,0.16452342575801648,0.15206914483144446,0.1509658707215489,0.13829917,0.15251066187788256,0.21039202166127585
2023-03-09,0.1780139295813178,0.18330973679721108,0.2021743722722651,0.1543519740472884,0.1682416639237137,0.16767268,0.16686918918410662,0.20504765884568793
2023-03-10,0.18520781750099066,0.1937867927535734,0.21584847971349327,0.17690024586559489,0.2597666623971555,0.21716157,0.20729157525458033,0.1936826728560223
2023-03-13,0.17368459465577155,0.17969104774607778,0.20404560001046868,0.17821834110370333,0.3322631981539923,0.2832415,0.22805537797115571,0.2033990497698873
2023-03-14,0.18613630618671087,0.19507012906688395,0.19444373556440467,0.1820815935845181,0.26085123797526616,0.2516114,0.20968971258216504,0.19051500402266497
2023-03-15,0.1785421266216103,0.18970225506959884,0.19017312679538137,0.1856655259798975,0.1910371696913769,0.1899305,0.18508160743096158,0.21842898288986443
2023-03-16,0.1928707483336113,0.2048953598671248,0.18195420007704682,0.1907749826021506,0.20309826019488858,0.20895244,0.1955813303768835,0.1813364644052731
2023-03-17,0.1904978701251357,0.20644024383068404,0.18852296505684785,0.18862873508792427,0.19047052402358777,0.19036879,0.18986570974554925,0.16819302152000273
2023-03-20,0.18488343596641374,0.2031743331618517,0.1790032663450043,0.18364740137364916,0.15892890930453446,0.18605158,0.17581991554819912,0.15637175433052125
2023-03-21,0.18716424188022113,0.20776000380900192,0.17083243922127522,0.18848548069200283,0.14380491469609588,0.15226218,0.17315154575610658,0.12724722724717508
2023-03-22,0.19763771630010804,0.21958527073131268,0.19833897523021704,0.18246457286036366,0.17285402605982375,0.17180654,0.18431877174009847,0.11124618198637139
2023-03-23,0.18556081795719367,0.20354652824188812,0.18762353985751987,0.19544478802989912,0.18812133409787887,0.18142872,0.1897089800283239,0.11646903744671942
2023-03-24,0.1765401683151144,0.19681227768243933,0.1778681062170453,0.17813635406692957,0.17042494197007338,0.16952442,0.17503382145070578,0.14941662906204115
2023-03-27,0.1659005230392604,0.18088874631250856,0.16881773554606447,0.1710451700016128,0.155496376925973,0.14335223,0.1641473566556154,0.15124764424099568
2023-03-28,0.15619301868622693,0.16824993524599968,0.16076268803502103,0.16331088156844348,0.15914045389687856,0.14694762,0.1595481180505163,0.15637893108533277
2023-03-29,0.1663158222335957,0.17966294580949743,0.15444924056657627,0.14712627488758961,0.14195825462394024,0.14793757,0.1518001172483752,0.12122597197911167
2023-03-30,0.1594270560653644,0.17440565003116618,0.14741799225707664,0.13422166621949339,0.11376127569855571,0.12079721,0.13580333266113784,0.11705621097495135
2023-03-31,0.1694178758712935,0.18526055423814863,0.14235079522404182,0.13318771403853352,0.11736294054525671,0.1248711,0.13998951015169459,0.058290160247907424
2023-04-03,0.1604391056168454,0.17612985576183454,0.13617306144602037,0.1467536738852775,0.10802519843875229,0.118907064,0.1384059926469584,0.05206558390244948
2023-04-04,0.1543183512842967,0.1709279776594967,0.13633759614777563,0.14752589433733532,0.13071193765193342,0.13061015,0.14418539442452183,0.04327293510142152
2023-04-05,0.14606981259604548,0.16055648372477446,0.1316647548592783,0.15140937942833144,0.11571914102061542,0.12556733,0.13773277768166411,0.10152746416824764
2023-04-06,0.13933263031389273,0.1527060966617149,0.12639414005021293,0.13664411509442762,0.11893075065624406,0.122925565,0.1316358320215215,0.09940201423295938
2023-04-10,0.13196397199111817,0.14199049341111802,0.12147871277475762,0.13459252329502827,0.12421966798375758,0.12377193,0.13025872108996803,0.10188165813745617
2023-04-11,0.12519838314181328,0.13037395311140332,0.11699290487745431,0.10373242983879037,0.13191477005386248,0.12571229,0.1202818610114887,0.10206183039381193
2023-04-12,0.12125555555239481,0.12802670236124747,0.11642233125078225,0.09498629408467481,0.1410306552602928,0.134337,0.11909083496578747,0.09773278001977309
2023-04-13,0.13630450161836408,0.14400690839764657,0.11413200621747688,0.08437259160042865,0.10770305272154329,0.11783554,0.10946004864677868,0.0509809561469979
2023-04-14,0.12961401082680593,0.13552262307233254,0.111227636484282,0.10806607696702482,0.10412289593076002,0.1160523,0.11393432790819691,0.04923270118514875
2023-04-17,0.12440500308830346,0.13058147141570908,0.10780411600631779,0.1056656786233004,0.09510288301728277,0.096455015,0.10839118824296219,0.043718269973751236
2023-04-18,0.11848572335024832,0.12158924796726431,0.10460254157780245,0.10848651865165028,0.09386135979951483,0.09769525,0.10694453393380447,0.12114348895683559
2023-04-19,0.11308058095845314,0.11281869871363799,0.10170799934837847,0.11067820476981334,0.09643444469258887,0.095719256,0.10673107680695178,0.12418490821890252
2023-04-20,0.11308828745746215,0.11525898698938196,0.10719446381015332,0.11118795216034676,0.10634257229399437,0.11280802,0.11020627063726775,0.18041441132385955
2023-04-21,0.10836205042024881,0.10808156028207096,0.10405303370830118,0.0874585217275112,0.11523919909531949,0.12448826,0.10368659041435983,0.18950772130060203
2023-04-24,0.10413599563081054,0.10196790580134327,0.10121936593565815,0.08331426697022426,0.11101235744300923,0.11822194,0.09948754001468135,0.1894311868431303
2023-04-25,0.13303237772779042,0.12759815982582332,0.14707791980549298,0.07694141975987037,0.13934822970669045,0.1483004,0.11644067573145041,0.1729967863185814
2023-04-26,0.12791595389623633,0.12461946966567208,0.14284563075725598,0.11120138104123287,0.1598556480705983,0.15412864,0.1329909943360225,0.17795272985218893
2023-04-27,0.16147344980765624,0.15419643155066065,0.13959102101021856,0.11383746343198269,0.1197285562322674,0.12652232,0.13167982315730212,0.12405094381285849
2023-04-28,0.15847650880818298,0.15717861524926982,0.1341020869172117,0.1452206599734583,0.11159126912477853,0.11439035,0.13842947930213992,0.16992226460124854
2023-05-01,0.14921823958397185,0.1446972333629302,0.12853463160809275,0.15695653477239285,0.10949024954694248,0.11618514,0.13855500796776907,0.16993044957015016
2023-05-02,0.154634102115289,0.154221190868061,0.1469519859845086,0.16509098099275044,0.13978677055114364,0.14556666,0.15317061788639436,0.15196433536326517
2023-05-03,0.15072039619708164,0.15469489124579208,0.1482867790209224,0.16102413995500392,0.15400606869183048,0.15500301,0.15525020161463868,0.14702443087078698
2023-05-04,0.14761324658268227,0.15541971860149842,0.14994213781032184,0.1661833632059473,0.16265391549087574,0.157602,0.1588168417598351,0.1382608903636651
2023-05-05,0.1717605006169306,0.17760605837133261,0.14565327025368263,0.13968846701606596,0.14966823120667294,0.14819004,0.1537057329465565,0.048505538227796824
2023-05-08,0.16130828143634926,0.16303513215468826,0.1390902649374082,0.1585853923704399,0.13425861563136124,0.12966757,0.15138409647938345,0.05274680194614729
2023-05-09,0.15385123664022007,0.15749531882696666,0.13672992614234306,0.15779739023535017,0.110040921626929,0.12590358,0.14056318283416638,0.06151084888174818
2023-05-10,0.14706525401835452,0.15192939349471682,0.13108418999852414,0.14907066624241444,0.13805745755207915,0.13600232,0.14473112593761603,0.0990812573299257
2023-05-11,0.13916120288525638,0.14202201011777865,0.1262853905870302,0.14573376845611183,0.11246594691198547,0.11838533,0.13245363941778454,0.11885200927851954
2023-05-12,0.13198245126718952,0.13302566974524196,0.12185389488014536,0.14313416932813539,0.1254473536812086,0.116880566,0.1335213247588445,0.11876350203934087
2023-05-15,0.12625890283272487,0.1281873429501413,0.11741804724404528,0.09780367748705239,0.12182251976550992,0.1191666,0.11529503336176239,0.11690271436505185
2023-05-16,0.12508498765987905,0.13021599141242457,0.12146944722121368,0.09314443514131424,0.13326753506087682,0.124774,0.11716565262069005,0.13424647558057737
2023-05-17,0.1355240940605522,0.1424718841607432,0.11832797256579383,0.09192523381902734,0.11921965748782122,0.12479835,0.11555632845580026,0.11704358678273634
2023-05-18,0.13837837103557477,0.14799567532826527,0.11500097046273114,0.10563080019098955,0.11567749901996323,0.11765605,0.11989555674884252,0.11435483962076719
2023-05-19,0.13122863997376302,0.13859977606024546,0.11154866214326933,0.11324651238382762,0.10019784166556088,0.10989341,0.11489099800771718,0.14643392604004646
2023-05-22,0.12453816211955739,0.12757777240059473,0.10798050637098847,0.1170613801936958,0.10185961683526934,0.108678326,0.11448638638284085,0.1464298377196042
2023-05-23,0.13370813320023753,0.1389953919449027,0.13015149659084865,0.12001188271521433,0.13004705189087382,0.13105483,0.12792235593544188,0.13005731855959027
2023-05-24,0.13302124308714636,0.14152907383298582,0.13463630156565887,0.13183684491631914,0.14262251957393665,0.13559431,0.13582686919246736,0.13799294590730393
2023-05-25,0.13491530006242933,0.1456207208409291,0.12966117231402433,0.12571567349025492,0.12953169151442662,0.14372884,0.13005422168903694,0.1603260986667176
2023-05-26,0.14630921972428088,0.15977421665449434,0.12596907894861387,0.12427648958001385,0.14758390309833858,0.14503787,0.13938987080087775,0.13204471201197243
2023-05-30,0.13805490916088003,0.14542795644099019,0.1210285671400842,0.13976237287186172,0.12562295947205043,0.12513132,0.1344800805015974,0.1330954314431517
2023-05-31,0.1349537507813208,0.145022228417859,0.12393988077681571,0.14116175282492172,0.13389786476201904,0.1355058,0.1366711227894205,0.1286753094181312
2023-06-01,0.13871010926250407,0.15086297723820988,0.12008046085912756,0.1335426028135849,0.11738719987986238,0.11593733,0.12987997065198378,0.1167440959242584
2023-06-02,0.1532008103385476,0.16607145060456283,0.11759901942013228,0.1378352952493938,0.08577424079783202,0.095970355,0.1256034487952578,0.05657981022652914
2023-06-05,0.1448634792203379,0.15487340964454677,0.1143060432524274,0.14989690657794352,0.10602024093919266,0.098497935,0.13359354224582468,0.08565640326920566
2023-06-06,0.13749094631618536,0.1467481085981659,0.11054090838404174,0.13664381143865564,0.09485479628266454,0.096207485,0.12299651801250185,0.09728271398544598
2023-06-07,0.1318830969249207,0.14135867191760204,0.11024166142239053,0.13643412202638805,0.09627580340534277,0.09776495,0.12153100745221716,0.09360852053232796
2023-06-08,0.12962365654716834,0.1410963084029043,0.1071833920259791,0.1342353745597709,0.08024614398749688,0.08954556,0.1147017250314787,0.1192845370262448
2023-06-09,0.1232801336850303,0.13119579306422197,0.1040621010255097,0.12766259477787922,0.08821394237108245,0.09673323,0.11305222361133065,0.12183752525325794
2023-06-12,0.12790353000885113,0.13836564225680326,0.10212359409957543,0.09558082657614023,0.09885148537093952,0.1077122,0.10744528065197696,0.10789492170711902
2023-06-13,0.12730476496333795,0.13968442214800134,0.09999396186358257,0.10539118070944752,0.08872645462817104,0.10106648,0.10714080010031883,0.10310076616182808
2023-06-14,0.12111491162661034,0.13036024063185594,0.09758678914185812,0.1083095800750576,0.0948165409785346,0.097097166,0.10808034422673418,0.10624216138547465
2023-06-15,0.13309198450752519,0.14365011792667592,0.09701794283073013,0.10507800489777185,0.09349123097309264,0.09949433,0.1105537401261299,0.08295708308083487
2023-06-16,0.12783949502855996,0.13813948220961872,0.09821134275293103,0.11667578556271146,0.09154399465445436,0.09583958,0.11201975841524192,0.08496559704234627
2023-06-20,0.12425398287659192,0.1355893014908758,0.10135672091459252,0.1215686383531883,0.09319783733577608,0.101057105,0.1130068195218521,0.11235251590169215
2023-06-21,0.12173290844193031,0.13410644071755495,0.10518777917329081,0.11675912019582023,0.09024741355830791,0.09949284,0.10957981406535282,0.10599738706278647
2023-06-22,0.11777709721567675,0.13062672053506014,0.10239034438187467,0.11491215742636947,0.09172229302553683,0.10164527,0.10813718255586102,0.10746229478315242
2023-06-23,0.12007373987060356,0.13428939200539053,0.1128270540590657,0.11688285460013756,0.09634830389689103,0.10258721,0.11110163278921072,0.12674226609769565
2023-06-26,0.11714324544926193,0.1316758560948221,0.11342744267210747,0.10468548834247554,0.10971748026372768,0.11210499,0.11051540468515504,0.12293650336729357
2023-06-27,0.1280711415332136,0.14343011687486698,0.1109257715325371,0.10333852195395032,0.0975646191715927,0.09977996,0.10965809421958554,0.09364663603404642
2023-06-28,0.1217374300103187,0.13190840666630918,0.1074563953092752,0.1154167284423958,0.09169697792526953,0.10112123,0.109617045459328,0.10932535311838654
2023-06-29,0.1185659403642641,0.12960844752402978,0.10449521335960568,0.11277544070672622,0.09335710804406025,0.09933508,0.10823282970501685,0.10659645162427858
2023-06-30,0.13136156204150942,0.1422823111726952,0.1031485870628133,0.11327651698802782,0.08844954971758588,0.09958308,0.11102920958237439,0.06449058315196549
2023-07-03,0.12485076167649922,0.13357353421210375,0.10042830907965059,0.12386312636157334,0.08508527486322458,0.09147114,0.11126638763376571,0.07978561993883736
2023-07-05,0.11931166091159583,0.12649839601460225,0.0988979619954097,0.12420266822635605,0.0869957164129983,0.09593973,0.11017001518365006,0.09443520626623599
2023-07-06,0.12187434217444854,0.13093489153148316,0.11095086498343248,0.11029048457170866,0.10762157985525031,0.11750013,0.1132621355338025,0.09651335790352103
2023-07-07,0.11720447866126639,0.12625247278736698,0.10924058634290403,0.11700029050770125,0.11444771862059491,0.118253596,0.11621749592985418,0.09461955766353175
2023-07-10,0.1127289882120065,0.12109386229892027,0.10596299440510851,0.11564223770156527,0.1123290011352965,0.11496079,0.11356674234962276,0.09699641915797196
2023-07-11,0.11403777613735747,0.12393670104503136,0.10340713567930666,0.09373255067802382,0.10472710671866294,0.113206424,0.10416581117801475,0.09832392074582214
2023-07-12,0.11635601049084704,0.1281693069559581,0.10121294528740415,0.09780872345523609,0.09355201629786743,0.097944304,0.10257225008131686,0.08484829643961093
2023-07-13,0.12038544201080043,0.1340156799232056,0.09942697838823776,0.10408351170887241,0.09085435005474658,0.09664728,0.10510776792480647,0.07700935944564953
2023-07-14,0.11494992711921918,0.12491204218850106,0.0973253534090082,0.1045041872263623,0.08964324337630833,0.09650372,0.10303245257396328,0.07669934230530068
2023-07-17,0.11193782808410246,0.12193749481852599,0.09535035441205414,0.10309085174796241,0.08776354888184094,0.09309036,0.10093074290463527,0.07715864023653737
2023-07-18,0.1140452224558747,0.1254855360556778,0.09398329112132325,0.10585224332347,0.08793756275720964,0.09086887,0.10261167617885143,0.061778907461846826
2023-07-19,0.10989050474570876,0.12036750355451742,0.0922624723041146,0.10743979881581728,0.08733440881725942,0.09202459,0.10155490412626182,0.05948360830326693
2023-07-20,0.11175042344664671,0.12401817000077464,0.1019047901355553,0.10091530227998607,0.10099699807155571,0.10737722,0.10455424126606283,0.0575793545923231
2023-07-21,0.10709715497909328,0.11482712198520975,0.09929675420507932,0.09625098660298977,0.0858856854825838,0.0987904,0.09641127568822228,0.090440964199206
2023-07-24,0.10526052979533806,0.11323044379034387,0.09712919499639314,0.09500223310263656,0.09848940781508535,0.10069478,0.09958405690435333,0.0864360710711582
2023-07-25,0.10245774580069186,0.1100148251911299,0.09509892203464504,0.09401128929277273,0.09618286826598227,0.10290098,0.09755063445314897,0.08620881134621158
2023-07-26,0.09881238513583038,0.10202058613650422,0.09320194882223465,0.08517344423892978,0.09170467762826043,0.10105666,0.09189683566767352,0.13122237890038538
2023-07-27,0.10186911685435707,0.10669990993270476,0.10163118270362488,0.08270706066370687,0.11127804621062182,0.11336259,0.09861807457622858,0.12431243691301695
2023-07-28,0.11202165967306893,0.11814888815447215,0.1000671491914755,0.08070657197873357,0.08466350746649876,0.09407739,0.09246391303943376,0.10957837306597318
2023-07-31,0.10762435325979769,0.11133685236849473,0.09766838431698328,0.09556375299312009,0.09255904264648755,0.095027395,0.09858238296646844,0.12635827326578553
2023-08-01,0.10442683903769723,0.10893792552453326,0.09723464698874494,0.09422374313597943,0.0843055718105662,0.09488049,0.09431871799474761,0.12848382006996117
2023-08-02,0.12584994723025858,0.12805252879569276,0.1345151572221803,0.095773467116108,0.12487555952097673,0.12142094,0.1154996579557811,0.0960948185894829
2023-08-03,0.12053233999800601,0.12290569837178246,0.1301159697718117,0.11920427391934518,0.1371233977230925,0.12520546,0.1256200038801479,0.09438930192201289
2023-08-04,0.11853846933411222,0.1227081216996734,0.13009415649150954,0.11962021891246898,0.15382212994185632,0.13943082,0.13066027272947917,0.08685479771799526
2023-08-07,0.12329293265641464,0.13038991000220929,0.1254990782823323,0.11423728833614304,0.12732143499049406,0.12638108,0.12161721866101723,0.07164701919904279
2023-08-08,0.11966549015295694,0.12724915438072437,0.12411609495753878,0.12373206729449142,0.13016883739832144,0.12678061,0.1245221316152566,0.10505110719832488
2023-08-09,0.12048278278710221,0.13085791872724906,0.1288347620731061,0.1269557718160494,0.13730324710634337,0.12820919,0.12824726723649835,0.10686422997075977
2023-08-10,0.11491030656139277,0.12082455180632204,0.12375012586176691,0.11113109390723015,0.13662597375003557,0.12885636,0.12088912473955284,0.12015961583179681
2023-08-11,0.11005986596813166,0.11343224315268614,0.11933585600439957,0.10892185195158681,0.1223081085744958,0.123634286,0.11376327549807141,0.11992379430117732
2023-08-14,0.11009552615099681,0.11505970284656226,0.11535806776246264,0.10441192106950356,0.11011898883014944,0.11205128,0.10820881201688327,0.12285524276654049
2023-08-15,0.12312506697251106,0.1290538957799245,0.13687395021128582,0.09480264677707756,0.13449008405453236,0.13485916,0.11747259926804032,0.09316782974363214
2023-08-16,0.12434557992738263,0.13274007842027832,0.14097884753465018,0.10828197168805749,0.13143221205520264,0.13545164,0.12135325455688091,0.10891446467430264
2023-08-17,0.12566915116321442,0.1369366528038418,0.1448760935053281,0.10968303867125644,0.13855201021566546,0.1402019,0.12463473335004543,0.1345121088572709
2023-08-18,0.11956786467909121,0.12659152113054442,0.138441496618603,0.11694892208781105,0.1389549446590219,0.14405346,0.12515724380864138,0.14265977480767417
2023-08-21,0.12004220101629988,0.1289966531965532,0.1328661552314115,0.11873495095495866,0.13642040658978122,0.13661526,0.1250658528536799,0.14123978095757042
2023-08-22,0.1155053326798872,0.1238236861579483,0.12884400713755137,0.12289927319367992,0.13061116126260516,0.13741574,0.12300525571205743,0.1732502292515922
2023-08-23,0.1256167277657852,0.13499298689530778,0.12466097725172923,0.10937346548108161,0.12674519509717178,0.12263182,0.1205784627813462,0.15707423895704792
2023-08-24,0.14048587224373119,0.15076042378252708,0.15153847323128627,0.11654491546221868,0.13500282975697092,0.13934223,0.13067787248764026,0.1246930985533541
2023-08-25,0.13785615409607843,0.15004953088017167,0.14484631909298654,0.128882646177861,0.12071184748894713,0.11805665,0.12915021592096218,0.11598187461238682
2023-08-28,0.13492360975584164,0.14885258796696044,0.13867209361345692,0.1340651536479192,0.11540533025006909,0.1084318,0.12813136455127663,0.11124958478197199
2023-08-29,0.15007461098988134,0.16446312742612726,0.13419308054876988,0.13483597289193217,0.10698343558137134,0.10276423,0.13063133982106162,0.06622996367669622
2023-08-30,0.14315632261456515,0.15666933967640367,0.12875305506622456,0.15341932543359005,0.10195754117976162,0.1002331,0.1328443964093056,0.0645763539535719
2023-08-31,0.13563770067533104,0.14645525678350985,0.1241566137291373,0.14919065797218922,0.10089402923525588,0.0972935,0.1285741292942587,0.06437235519833145
2023-09-01,0.1289284718903897,0.13715227717098868,0.11950697474493571,0.1347088276357909,0.09536953553318225,0.09137325,0.1196689450197876,0.07901932507446227
2023-09-05,0.12462364988313743,0.13443024766445516,0.11877545651919849,0.1294391211245099,0.09476068729263191,0.09486399,0.1162744861000931,0.08365538489523217
2023-09-06,0.12460001269538487,0.13658114867753499,0.12416208644908683,0.12575317429677396,0.1119673073596622,0.10918416,0.12077349811727367,0.06788989344152568
2023-09-07,0.11989115055408855,0.1308434759558736,0.12149275207903706,0.1002962842396976,0.11072246563246145,0.11147559,0.11030330014208252,0.08740290782303577
2023-09-08,0.11463452598442353,0.12355124175797043,0.11707151892964442,0.09448129453664023,0.10506876634964775,0.103376076,0.1047281956235705,0.12280237651281722
2023-09-11,0.11557845014028943,0.12676928940115417,0.11340336385615161,0.09094498573322041,0.09953467961377535,0.09959058,0.10201937182909505,0.11332928583092747
2023-09-12,0.11480414102561505,0.12695393922851264,0.11644703209164206,0.09536616653784903,0.1109574568836692,0.10685021,0.10704258814904442,0.10692393274373853
2023-09-13,0.11001816586026796,0.11930671801285507,0.1124802533400559,0.09591897756058179,0.09930088164937162,0.097616486,0.10174600835674046,0.12587967584544912
2023-09-14,0.11501933134766937,0.12609514758998316,0.10946895802403249,0.0889984951708152,0.09436352529785241,0.09143353,0.09946045060544566,0.16148350717936147
2023-09-15,0.1286287633781179,0.1395283993459968,0.1351285025806832,0.09880351231775283,0.10368713457502905,0.10180709,0.1103731367569666,0.13711143151617353
2023-09-18,0.12229390647749998,0.1293105587013494,0.129507031225091,0.11740947195911364,0.10303781890828985,0.10387939,0.1142470657816345,0.13994927526594883
2023-09-19,0.11711858828615007,0.1227459751128852,0.12523162282424308,0.1150611108218757,0.10382757402442752,0.10819458,0.11200242437748442,0.1745213629515505
2023-09-20,0.12314153018897471,0.1314903089590579,0.13665337942447392,0.11338285403478139,0.13098384744119626,0.124197364,0.12250274388831746,0.16115144295638087
2023-09-21,0.14791278660483528,0.15398644795149202,0.17295187558328723,0.1247014463554583,0.15889464075803425,0.1473584,0.1438362912394426,0.1180128099367995
2023-09-22,0.14022920928895538,0.14502268086860665,0.16504041908983624,0.14431388612591955,0.14317443744964323,0.1448763,0.1425725109548394,0.11845610748400577
2023-09-25,0.13449928226398544,0.13998463025262958,0.15708646466449366,0.1346108010646157,0.1318306519693248,0.13265546,0.13364691176597532,0.11497699709499043
2023-09-26,0.15101897701939068,0.15741537820902265,0.18081659631249888,0.13738947782844746,0.15368990682367623,0.15006173,0.14736612055717146,0.10847655582014498
2023-09-27,0.14249259049297003,0.14453832929943952,0.17155748022786463,0.15622371585034672,0.15155760769742485,0.15438704,0.1500913046802472,0.12268880907198604
2023-09-28,0.13850865950236288,0.14312623062553073,0.16320045400684852,0.1522823656964285,0.14769083229711277,0.14732914,0.1461606191653014,0.11575082597957029
2023-09-29,0.13198202419949814,0.13655066527378992,0.15639835381805192,0.13102770098981587,0.14207511455207328,0.14765587,0.13502827991379576,0.1413520766069064
2023-10-02,0.12525553643945664,0.12529943403801813,0.14902929914337,0.12996922243036135,0.13088143905823252,0.14469285,0.12870206597601683,0.14822403151128918
2023-10-03,0.14104815329935405,0.14378430406427348,0.17083541623668402,0.12693547390436288,0.15442823300413808,0.16479929,0.14080395340261834,0.11694969090809128
2023-10-04,0.1404586188408641,0.14598705385314617,0.16236441852838315,0.1206024945366208,0.1478975997234121,0.15077385,0.13631957103363235,0.10636773825080219
2023-10-05,0.13315130368226344,0.13677300376629553,0.1549033324644654,0.12488298019584299,0.14116950336275907,0.1364981,0.1330679290802885,0.1149223110172569
2023-10-06,0.14154456489161263,0.14744157468438984,0.14856101432564414,0.12175198130371966,0.1423660823028702,0.14237039,0.13522087616606748,0.0867748346277185
2023-10-09,0.13822572247937204,0.14696481007287313,0.14216695115578543,0.1345437922943475,0.12616698770444493,0.1276521,0.13297883415938816,0.10553281378363283
2023-10-10,0.13394630640119545,0.14370125687048735,0.13622117441418433,0.1397111289254478,0.12573798277598927,0.12112348,0.13313180603421082,0.09888245126310181
2023-10-11,0.12918485337490482,0.1402609513671082,0.13071574121027763,0.12673078112572006,0.11024881969881438,0.1045315,0.12205481806647976,0.13425794365167623
2023-10-12,0.12740383608439199,0.14011505352230688,0.1325323035367432,0.12140211646726055,0.12605705730482683,0.12406749,0.12495433661882645,0.14037115776880904
2023-10-13,0.12421214287670092,0.13784082526180147,0.1317017482554449,0.12527291514889166,0.13506947745861902,0.13249625,0.12818484516140385,0.16282690421024582
2023-10-16,0.1314140238454244,0.14582490706810844,0.127199187194859,0.11023687947358005,0.1245418166690779,0.123640224,0.12206423999602745,0.1451153401653195
2023-10-17,0.124786895063066,0.13440235435092135,0.12233922536420058,0.11635153086102452,0.12713803229861353,0.12004589,0.12275881940756801,0.1539463372673081
2023-10-18,0.13958685265056323,0.1491999288670314,0.14916108465513608,0.11238130397855357,0.1385769362591926,0.13358288,0.13018169762943646,0.1582441402698493
2023-10-19,0.14003759993926965,0.1529229792701047,0.15372272494626746,0.12942176110485987,0.16288122251219217,0.16136764,0.1441135278521072,0.16889145396054944
2023-10-20,0.14936318254871853,0.16420371820529805,0.16992445805237089,0.1335875247581981,0.15912665705740558,0.16789615,0.14735912145477406,0.14699255645350692
2023-10-23,0.1413326201092886,0.15285939567066012,0.16203592067809333,0.14753407886705983,0.15775659527076097,0.16033916,0.14887443141570314,0.1692534946841
2023-10-24,0.13941342661444023,0.15321327341972937,0.15463578654433321,0.14172710919887854,0.14457669011585048,0.15258832,0.14190574197638975,0.16764447134198243
2023-10-25,0.15356376263520224,0.16735925876242447,0.17701193471030088,0.14851887436004618,0.1624501378309214,0.16996852,0.15484425827538995,0.15197252462730926
2023-10-26,0.15862170715960885,0.17548244118275697,0.18651003369463776,0.15173341047515415,0.16672226283415137,0.16942073,0.1590257934896381,0.18315850796239896
2023-10-27,0.15171653912933988,0.16841683188626685,0.1799544348758935,0.15783451866210202,0.17819345638407783,0.17861491,0.16258150472517327,0.19179695576631742
2023-10-30,0.15716999329435397,0.175748622003899,0.17161490605518742,0.1473529973526227,0.16661558391568054,0.1594303,0.15704619152088573,0.17250307299430703
2023-10-31,0.15221933622797482,0.17257890846891324,0.1634114088843204,0.15861837265608258,0.14675066843158582,0.14610893,0.1525294591052144,0.1675209724879923
2023-11-01,0.154438131814776,0.17598815337660137,0.15621188733981362,0.15888123307307306,0.12858871474154782,0.13500598,0.14730269320979897,0.15036308393084405
2023-11-02,0.17750626333383354,0.1958541528610064,0.15095212378799544,0.1518920812516586,0.12271394620607165,0.11506886,0.15070409693052125,0.091308331645842
2023-11-03,0.17422418547059254,0.19422569740225554,0.14464548010305983,0.16663318470383348,0.11236254234758897,0.111352086,0.151073304174005,0.1266222823014654
2023-11-06,0.16394043816024595,0.18104905919125894,0.13834909439681456,0.1730774566332764,0.10783870953008715,0.111352086,0.14828553477453651,0.12615005099293672
2023-11-07,0.1550568679116726,0.17028030803290953,0.13259968504045072,0.16536520899182466,0.10783870953008715,0.11029742,0.14275359547786148,0.18303828010766063
2023-11-08,0.14630887292487876,0.15687862859453885,0.1272848459509756,0.16338620531983594,0.10341892115994966,0.10848473,0.13770466646822146,0.18324984023357194
2023-11-09,0.14512148623423082,0.15902242617286078,0.13419310460790523,0.1560199336208059,0.12563766814556104,0.12180793,0.14225969600019925,0.17415928361213906
2023-11-10,0.16094469249372595,0.175318350095929,0.13031109870336913,0.12587970520453579,0.10832328377782095,0.106874205,0.1317158938253609,0.13532263205619838
2023-11-13,0.1516305303467332,0.16122146890131664,0.12531123371784647,0.13752436182137084,0.1101047750036237,0.10648527,0.13308655572390926,0.1449462848768504
2023-11-14,0.17608927544894132,0.18384647328914752,0.1230993365567862,0.13491343395769478,0.10476436852268119,0.10290532,0.1385890259764391,0.056754900885720584
2023-11-15,0.16559313000530065,0.17072598877130107,0.11861174752407284,0.16045269476259827,0.10922713384292292,0.10406173,0.14509098620360728,0.06261512279022183
2023-11-16,0.1559291818665622,0.15790559116408873,0.11451364380274502,0.16272748134336945,0.10922713384292292,0.10624327,0.14262793235095153,0.06218730190143528
2023-11-17,0.14716473046919964,0.14670564602279312,0.11078802070447707,0.16370031594195944,0.10400786963987602,0.097789414,0.1382909720170117,0.06306637368609164
2023-11-20,0.14467697027518045,0.1477443795473733,0.10782116147090286,0.14766431185290924,0.10163224698856417,0.09761106,0.1313245097055513,0.03596227128467235
2023-11-21,0.13722487624144963,0.13972157067886593,0.10559832013773411,0.1527824012100705,0.10145417770754864,0.096371435,0.13048715171968958,0.033648129518968374
2023-11-22,0.1318860838271328,0.1360186228008728,0.10283071962729753,0.10797640706881477,0.10055455704667159,0.09351181,0.1134723493142064,0.03198891670571554
2023-11-24,0.1252538110803563,0.12608797608107036,0.1001989458404797,0.10357524644717046,0.10072997264963872,0.09504349,0.10985301005905516,0.05228795218138217
2023-11-27,0.11970455766763836,0.11946914109536014,0.09871712833391094,0.09691235685754448,0.10142503042051443,0.10070217,0.10601398164856575,0.06343108014309663
2023-11-28,0.11436588902926202,0.11230952893180282,0.09649915288898002,0.09290438182998001,0.10052540975963738,0.09615649,0.10259856020629314,0.06317794580157243
2023-11-29,0.10957484599246486,0.10552450126892761,0.09471524092473692,0.07483500992064726,0.10135240302639426,0.10087256,0.09525408631316878,0.06869004123617561
2023-11-30,0.1071513736995331,0.10456664966337328,0.09302817891583869,0.07199081762976921,0.1015770310305247,0.099249974,0.09357307411994233,0.08469970818058979
2023-12-01,0.10780630035849124,0.10804923135183557,0.09170517246835894,0.0688913284863262,0.1003152589247039,0.09961245,0.09233762925650713,0.07929231902624317
2023-12-04,0.10769711589952971,0.1096941333174565,0.09739596677116111,0.07635129635583568,0.10393321059336577,0.104145415,0.0959938742829104,0.07468712753894734
2023-12-05,0.10353989940314935,0.10362556983979643,0.09538115457260692,0.08061599804391231,0.10526990568974635,0.101678535,0.09647526771226933,0.08138261901866582
2023-12-06,0.10189135168176873,0.10254925658596502,0.09705760124467652,0.08129515370105325,0.10596496346062206,0.10552011,0.09638382294781468,0.1229473839289583
2023-12-07,0.10736698778212002,0.11056584948403554,0.0954898567314882,0.084824713087708,0.10419131529908468,0.10277023,0.0987943387229709,0.1108764675679719
2023-12-08,0.10554893774230777,0.10942586103961563,0.09372672879846937,0.09395395035410135,0.104965066539751,0.10282444,0.10148931821205337,0.10701387276780143
2023-12-11,0.10377259845216319,0.10868764956201174,0.09213756314662787,0.09260719230555942,0.10504459569427053,0.10659435,0.10047479548399772,0.10820165334170412
2023-12-12,0.10304994816846909,0.10866589262603756,0.09076352258763032,0.09083093539639185,0.10160340059071883,0.101076856,0.09849476138519325,0.11122363426213958
2023-12-13,0.12370787729560184,0.12807782027733727,0.0908666954670952,0.09459260891821786,0.10332487026740664,0.09882588,0.1072084521604088,0.11889123332498373
2023-12-14,0.11868958425165348,0.12260674288839263,0.08951415101357946,0.11513175768728823,0.10220173065559444,0.104838595,0.1120076908648454,0.1381187411866391
2023-12-15,0.11330922578746268,0.11329059625091045,0.08825089680850251,0.11131310398322797,0.10285884738805819,0.10188225,0.1091603923862496,0.1386187412818686
2023-12-18,0.11123529202358902,0.11258871862547291,0.08729576553819335,0.11072878968753617,0.10096910583680785,0.10078193,0.10764439584931101,0.13814860423124428
2023-12-19,0.11127652882371221,0.1151148731901832,0.08656463522948993,0.11260534163056757,0.10171059129162446,0.10147537,0.10853082058196807,0.13215005265660523
2023-12-20,0.13359912004431146,0.13558892552466853,0.13183418835335356,0.11513263184023088,0.11411581010043308,0.113958575,0.12094918732832514,0.08025673746384845
2023-12-21,0.13844044846258677,0.14431836682508073,0.12720024544229008,0.11808402462750196,0.10411711381790187,0.10850023,0.12021386230266355,0.03938337259057165
2023-12-22,0.13141395153154672,0.13586404962286944,0.1223671975404312,0.1276711657209071,0.10663667575440529,0.10884079,0.1219072643356197,0.055104463564302625
2023-12-26,0.12685249302283,0.13220450901737785,0.11804786920360082,0.1300231485634511,0.10749139719833072,0.107239164,0.12145567959487062,0.07350311985900655
2023-12-27,0.1208958993949321,0.12426919909521394,0.11401274159951567,0.13183929777409403,0.10610871959603065,0.10422237,0.1196146389216856,0.07677340546749371
2023-12-28,0.11530643930785646,0.11514734608298094,0.11032988247517941,0.1307937898710334,0.1061038800281973,0.10516538,0.11740136973569572,0.07781346694532112
2023-12-29,0.11134485181067807,0.11200760976369767,0.10869147966962014,0.106773118762773,0.10506431538823137,0.10740516,0.10772742865389413,0.12470792276157064
2024-01-02,0.1111059523515413,0.11388147489741998,0.11229488722001152,0.08415397830223198,0.10517342453873291,0.1080477,0.1001444517308354,0.1184829035198829
2024-01-03,0.11515872641267838,0.12040706404398734,0.12167714219287584,0.08649990192304804,0.11670989971920709,0.11366249,0.10612284268497785,0.11127513853038029
2024-01-04,0.11171550429501446,0.11778928605219498,0.11959323078712446,0.09110143161272238,0.11358247228994034,0.110871844,0.10546646939922573,0.10867584284755966
2024-01-05,0.10752203114695805,0.1116645644860449,0.11542845551065721,0.08967327014509642,0.10748236059998469,0.10895379,0.10155922063067972,0.10803313251767445
2024-01-08,0.1283869110974277,0.1312175378556199,0.11290456641762071,0.09006469112345392,0.10665444187738958,0.10640516,0.10836868136609039,0.049745192590296035
2024-01-09,0.12229268343175397,0.12304900346810646,0.10978070619864855,0.11488748869731424,0.10743864857273525,0.10928402,0.11487294023393448,0.06295563691374037
2024-01-10,0.12052480102480442,0.12452646185920387,0.10670832298655208,0.11589831953589982,0.10419544213769197,0.10778121,0.1135395208994654,0.07891793845913135
2024-01-11,0.11501355713937206,0.11609162227319819,0.10380490007395243,0.11499696787420276,0.10802192962532982,0.102493994,0.11267748487963487,0.11727766096086685
2024-01-12,0.11008951323761233,0.10818520094582791,0.10108476984765227,0.11575674484829657,0.10220173065559444,0.10430382,0.10934932958050113,0.11818542642988455
2024-01-16,0.10754960136573016,0.10744307646173025,0.10182804015148827,0.11728029252767687,0.11645994519049499,0.108268715,0.11376327969463401,0.11701425324356332
2024-01-17,0.10778843494993837,0.11034311365398539,0.10638031386110854,0.088333505673767,0.13075822301215811,0.11634278,0.10896005454528783,0.11012020450836012
2024-01-18,0.11400262274848347,0.11851467974963109,0.10395429821849715,0.09065380832349601,0.1074655261750067,0.112873934,0.10404065241566207,0.09818496528807882
2024-01-19,0.12780023213923783,0.13325553942323007,0.10229949110266164,0.09553491909002478,0.10665444187738958,0.10687455,0.10999653103555074,0.045967299329015915
2024-01-22,0.12208256250639192,0.12668205029764107,0.09975741003670283,0.11235389533931124,0.10678948757203101,0.10759314,0.11374198180591139,0.06875557977034631
2024-01-23,0.11743105244576273,0.12176361575987821,0.09749526075820869,0.11333655364652254,0.10593889296671287,0.10673562,0.11223549968633272,0.06570115742046556
2024-01-24,0.11226654903342986,0.11361594505557832,0.09540118243689567,0.11645898505085964,0.10513616796302418,0.10613191,0.11128723401577123,0.13255438819076587
2024-01-25,0.11127512547845414,0.1144904266401999,0.09373235018062082,0.11599607050583542,0.1024869844157598,0.103602186,0.10991939346668311,0.15476821313532016
2024-01-26,0.1067290389892582,0.10741534434163383,0.09212590749608986,0.11172985250548811,0.10452142000436646,0.10587715,0.10766010383303759,0.1721174890412727
2024-01-29,0.11047790338889678,0.11396748388616963,0.09104168526918328,0.08521967122111516,0.10256118589694262,0.10417957,0.09941958683565151,0.16517045383600776
2024-01-30,0.1060084201031456,0.10631978258323103,0.08970540129817879,0.09188378470778712,0.10399837360573055,0.1042579,0.10063019280555442,0.1659261866132616
2024-01-31,0.1348808044849337,0.13148496693629663,0.14115312738549746,0.0874803478413302,0.12171878860211383,0.116401866,0.11469331364279256,0.13281387969386174
2024-02-01,0.14461294926812163,0.14491001772441048,0.1359752605224442,0.11738012201853955,0.10983295342587075,0.11301901,0.12394200823751063,0.09942862798589154
2024-02-02,0.1484047767219647,0.15260183600765806,0.13102200814861323,0.13047881246584675,0.10876264430822341,0.11002318,0.12921541116534496,0.07645794616244156
2024-02-05,0.1411995515912426,0.1453742711933536,0.12769172777145493,0.1452297112622455,0.10937514193208012,0.110546045,0.1319348015951894,0.07333425413510458
2024-02-06,0.13418842677213294,0.1378359157997844,0.12283192878470879,0.1479278938765907,0.10682728894533022,0.10616407,0.1296478698646846,0.12109524391452475
2024-02-07,0.13485977870214222,0.1412699912974422,0.11877902548973603,0.15408912855881846,0.10353133388469148,0.10460988,0.1308267470485507,0.12589752740959972
2024-02-08,0.12790540859008168,0.1321786338079933,0.1146675214215803,0.14033470973290718,0.10248367074741191,0.1021702,0.12357459635680025,0.13240771004816457
2024-02-09,0.12546993845521112,0.13134016403364496,0.1113481648614329,0.12321139424960365,0.09597071355444509,0.09670369,0.11488401541975328,0.13056755711468426
2024-02-12,0.11956416152496739,0.12303874993868773,0.10817042665779936,0.10832800473773224,0.1090435568579033,0.101247616,0.11231190770686765,0.13722628756296168
2024-02-13,0.13629255305062685,0.1397509763253197,0.14008208656098323,0.10189448868708169,0.14525304842978293,0.14699703,0.12781336338916383,0.09673128515937304
2024-02-14,0.1391345359028096,0.1463183632285069,0.13472679710759689,0.11935279616721962,0.11661783735804487,0.111631006,0.1250350564760247,0.16369750502579117
2024-02-15,0.13548270327393486,0.14422972755891827,0.1295095163873088,0.12107794914607206,0.10288782971172968,0.104327075,0.11981616071057886,0.15844544621783815
2024-02-16,0.1311036970044543,0.14168322099430494,0.12868261448372345,0.12603014452145153,0.10853410775809855,0.109191924,0.12188931642800145,0.1570411082392218
2024-02-20,0.1287260284906403,0.14089326954116183,0.13024532243924533,0.12856484964922849,0.12385535159422449,0.119069025,0.12704874324469775,0.15159092914290306
2024-02-21,0.1225792124802744,0.13178344306764794,0.1252230980932145,0.13508821292906908,0.12608866329338744,0.12065014,0.12791869623424365,0.1517832862542907
2024-02-22,0.16260340484450747,0.16275061818546316,0.12322709717827723,0.11688859784952293,0.11137091021508386,0.11218725,0.1302876376363714,0.04886504897066351
2024-02-23,0.1531195912874164,0.14998084446988677,0.11879767034051346,0.1469203457149429,0.10521506035578033,0.1069442,0.13508499911937988,0.074752375586731
2024-02-26,0.14593039063200233,0.1441834958137741,0.11755997322424092,0.14638414648198947,0.10897009938025405,0.10671726,0.13376154549808195,0.07024464613511971
2024-02-27,0.13826048937134278,0.13599839479889658,0.11364796454737598,0.14749766542832385,0.1006525851131421,0.09999326,0.12880357997093625,0.10039033335469065
2024-02-28,0.1313102526302319,0.12846623720468794,0.11063504026044833,0.14632583893665319,0.09594919652748841,0.0942125,0.12452842936479118,0.10613537698844162
2024-02-29,0.1278716311400183,0.12749245570669449,0.10751884330061831,0.1499796935545947,0.09518575587193076,0.09324871,0.12434569352218124,0.12324926016749223
2024-03-01,0.12904451145134327,0.13221984758975838,0.10495199572901782,0.10108580636352904,0.09518575587193076,0.096081436,0.10843869122893435,0.118938601657058
2024-03-04,0.12284570887346151,0.12375455510234686,0.10250279577939571,0.10738399396262077,0.0974171057115697,0.099137194,0.10921560284921733,0.11890369195430942
2024-03-05,0.12954546705196612,0.13396651529445713,0.12142564646901473,0.10050219450630965,0.11511677640767617,0.11496265,0.11505481265531732,0.12288920075509091
2024-03-06,0.1262137214216368,0.13228140811416547,0.11731600031520222,0.109926460074842,0.10809542742152012,0.10863814,0.11474520297266631,0.11816718988430513
2024-03-07,0.13230619266424373,0.140863168124955,0.1140793416759115,0.10947172217650833,0.10513835631360977,0.103081614,0.11563875705145395,0.09530759355050185
2024-03-08,0.13052093378313226,0.14182141675274174,0.11892422001316218,0.12029223550929213,0.11329406489677928,0.1108153,0.12136907806306789,0.0951490348094029
2024-03-11,0.12415662314572913,0.1318942025628385,0.11512012721499142,0.1205922206811325,0.11850014904703103,0.118172884,0.12108299762463089,0.10482850718915979
2024-03-12,0.1327372967368373,0.1424080870011516,0.11221625578819966,0.12309903604220696,0.10852901717482268,0.10515573,0.12145511665128898,0.07958840241415988
2024-03-13,0.1264392954980578,0.1338458864437422,0.10953893096288078,0.12609316473313686,0.10438367626112885,0.09932181,0.11897204549744117,0.10053814530114268
2024-03-14,0.1213281232511155,0.12906472230714447,0.10808480140816074,0.12502868348161542,0.11522214733931722,0.10977164,0.12052631802401603,0.10108170736593565
2024-03-15,0.12095674799126047,0.1308420797518746,0.11377016546623546,0.11419499843220537,0.12027744922101596,0.11234053,0.11847639854816061,0.09046937098808742
2024-03-18,0.12031735823725066,0.13145429042425408,0.11044313425260575,0.11270224584023669,0.10844258196404967,0.10746626,0.11382072868051234,0.08159227000814626
2024-03-19,0.11879321377434707,0.1317851825892492,0.1073757562135973,0.11583340223625144,0.10256874373016515,0.10404401,0.11239845324692121,0.07385198241539424
2024-03-20,0.12316763232998561,0.13818384327856004,0.10492680935183024,0.10274772459874243,0.10112431972311305,0.09961929,0.1090132255506137,0.0722185052641505
2024-03-21,0.11867552345838991,0.13247721502714868,0.10223925270346115,0.11030388656790349,0.10104147136693603,0.0979398,0.11000696046440982,0.06893492274716388
2024-03-22,0.11359743728340761,0.12459499839389002,0.10018327383149536,0.11062344170788806,0.09820206339408402,0.095447,0.10747431412845988,0.06969613787491433
2024-03-25,0.11004213235023519,0.12053749490654232,0.10002416594677539,0.10593999812050903,0.09876994250988057,0.092407726,0.10491735766020827,0.08394131727228997
2024-03-26,0.1066937431349906,0.11610527319309868,0.09954349133801682,0.10053204733927995,0.10061055297685573,0.101885736,0.10261211448370876,0.08191395344415159
2024-03-27,0.11265979587535244,0.12320151584383575,0.09785842955788839,0.09651667162239566,0.09744346218747707,0.09524206,0.10220664322840839,0.10368782639281529
2024-03-28,0.10811963004853445,0.11549877098011863,0.09580111858251905,0.09382102126338397,0.09953365324843377,0.09467854,0.10049143485345073,0.12972691611274204
2024-04-01,0.10446416414878015,0.11079179574777555,0.09491663973488168,0.0902499267651583,0.10388428548749457,0.10151576,0.09953279213381101,0.1289627418938253
2024-04-02,0.10803770091078911,0.11637269370162093,0.10519066390892137,0.08896627295627577,0.1106115362102639,0.1112426,0.10253850335910959,0.118642898863679
2024-04-03,0.10398794290104477,0.10938894461499687,0.10241192045351928,0.09520086512237284,0.1141062150847047,0.11065595,0.1044316743693741,0.13625966841728485
2024-04-04,0.12062234656697156,0.1252475250022833,0.130183201644574,0.09483502154926539,0.1290192368472676,0.12954122,0.11482553498783486,0.11651677402112774
2024-04-05,0.12965918407675636,0.1365631469624572,0.12586314800540874,0.10573675135546008,0.1266337649483607,0.124102436,0.12067656679352572,0.13514317455633454
2024-04-08,0.12324698715072487,0.12627384835267505,0.1212312147920842,0.11994996558399221,0.12339582122745667,0.11773042,0.12219759132072457,0.16008931205938828
2024-04-09,0.11771221198679725,0.11887400226518055,0.11698843116382623,0.12294044578713394,0.12290781629029657,0.11905665,0.12118682468807591,0.1604276268885177
2024-04-10,0.1236669146860429,0.12788121691125803,0.1299173709768358,0.12049536974597978,0.12750148618361123,0.12318268,0.12388792353854465,0.15126284137323065
2024-04-11,0.12447442852317475,0.13098664170559998,0.12523357481353753,0.13080359604845576,0.12258402285745464,0.11879165,0.12595401580969504,0.14266735684057108
2024-04-12,0.142627710675896,0.15018106050170654,0.15579390598440065,0.12329801962173143,0.13711532924325484,0.13850772,0.13434701984696074,0.11587157999417239
2024-04-15,0.14976429897473667,0.15916999985295693,0.16945251549624618,0.1313760441787499,0.16601825452459026,0.16408814,0.1490528658926923,0.09931356449608562
2024-04-16,0.14191202668986824,0.14990729443138595,0.1619686070370789,0.14362378810565102,0.15209319369003624,0.15491347,0.14587633616185183,0.12953386131433037
2024-04-17,0.13793836044521138,0.14743756524400803,0.15929234617671095,0.14638653218455883,0.15133000688760417,0.15408926,0.1452182998391248,0.1228307202694216
2024-04-18,0.13129310703225305,0.13961624583246943,0.15271022842357318,0.14372628481851749,0.14460716396412074,0.1470844,0.13987551860496375,0.12610117933771814
2024-04-19,0.13345210491543857,0.14392502899811085,0.1574258801779062,0.14178988138015447,0.16031021621327832,0.15951732,0.14518406750295712,0.13115245274684906
2024-04-22,0.13508243312704044,0.14862194994964598,0.15056377411908053,0.12987466087040642,0.13911736742961753,0.13926603,0.1346914871423548,0.11789644842634837
2024-04-23,0.14330964655228384,0.15817233442754117,0.1445206967471245,0.11975646900500234,0.1321813982403294,0.120886624,0.13174917126587185,0.13942965237346602
2024-04-24,0.1356232879915928,0.14544236227681293,0.13836940143954904,0.13079005626414955,0.12173047137113258,0.11559532,0.12938127187562495,0.1415458388316558
2024-04-25,0.13101064840098833,0.14121613416486434,0.13624389194078448,0.12668413378738147,0.12201374098819523,0.120553575,0.12656950772552167,0.15210700420853346
2024-04-26,0.13599695927340005,0.14864839307101646,0.13123285519719904,0.1274165740695407,0.1150534497227026,0.118215,0.1261556610218811,0.1605760188140094
2024-04-29,0.13012342887137335,0.14191992713577573,0.12621361018218447,0.1306668157652331,0.10565892350395868,0.105146036,0.1221497227135217,0.1749177629435853
2024-04-30,0.1503463889054169,0.16107715879600135,0.16162952739516825,0.12644150381669106,0.13054187128257477,0.13050622,0.13577658800156092,0.1342258521429644
2024-05-01,0.1432129956072964,0.15402703889447109,0.15586895381046817,0.13630906407784749,0.1277881871344702,0.124724545,0.1357700822732047,0.13198370446263435
2024-05-02,0.14411221914312144,0.15725186902805216,0.14915789954923706,0.138613683838822,0.11570264373504593,0.112969786,0.13280951557232978,0.12065489239566003
2024-05-03,0.15203833434830066,0.16697967388959534,0.14329006952135567,0.14478465847318428,0.09794259427221488,0.09852262,0.13158852903123328,0.08274349192023787
2024-05-06,0.15385703853639587,0.17101598439509838,0.1376959938716957,0.15033422819568917,0.09794259427221488,0.09888393,0.13404462033476663,0.03911905818487487
2024-05-07,0.1453778336629823,0.15946415242407608,0.13210340534630782,0.1597490992141155,0.10014886892440741,0.099987514,0.1350919339338351,0.05112106045936279
2024-05-08,0.13749462878959756,0.14593502962268276,0.12696380030288823,0.142641916024434,0.09536436929235236,0.09179422,0.12516697136879465,0.09721740827202996
2024-05-09,0.1331929724726671,0.1430513235234363,0.12238283853483117,0.14121941542147165,0.09432810994107274,0.093760006,0.12291349927840382,0.09149013615201053
2024-05-10,0.12676978106193468,0.13491427766543093,0.11808315395627032,0.13485565807396427,0.09580086860704358,0.092777945,0.11914210258098083,0.09111451464731708
2024-05-13,0.12066596251673303,0.1242532446636284,0.1141582304315633,0.11466925917516015,0.09785144351447182,0.094727464,0.11106222173545499,0.09133019806526059
2024-05-14,0.11806478051154051,0.12342537581241779,0.11069891175850065,0.08887271801106109,0.09518575587193076,0.09553265,0.10070775146484412,0.08649848515656261
2024-05-15,0.12912128179213966,0.13547949609867632,0.10818189954106888,0.0889828440226231,0.09433903830235695,0.08910286,0.10414772137237323,0.03184666664910172
2024-05-16,0.1232931437182271,0.12914057527944636,0.10607391422839639,0.10573304456053982,0.09580086936317218,0.09159552,0.10827568588064636,0.05967704803834609
2024-05-17,0.1176938330088294,0.1211725320841312,0.10324451113852465,0.10139387000400298,0.09314362910678814,0.0897122,0.10407711070654017,0.07711162782889561
2024-05-20,0.11260008080434135,0.11309753176495026,0.10068282736431146,0.10133380241937502,0.09388910199931835,0.09060914,0.10260766174101159,0.07685724798917218
2024-05-21,0.10876164278581665,0.10957436971105192,0.09840351793755821,0.10393092660823935,0.09177854881105352,0.089276634,0.10149037273503651,0.09136749024471959
2024-05-22,0.10550742696470093,0.10669600389673667,0.09801714110226661,0.10367149835715346,0.0974266129509088,0.09616484,0.10220184609092108,0.09893470515255652
2024-05-23,0.10915550698895016,0.11246558770476822,0.1081004720328496,0.0772303343443034,0.10209673914301638,0.100687094,0.09616086015875665,0.10121419690338611
2024-05-24,0.11138499749585032,0.11707408180094621,0.10534896443490618,0.08657130969177351,0.09450271092978194,0.08907815,0.09748633937246859,0.08862207885751769
2024-05-28,0.10684504410240986,0.10880626365123065,0.10258093419367008,0.09273068543994682,0.09972180482513254,0.09731986,0.09976584478916307,0.08924353236076968
2024-05-29,0.1102394919257823,0.11437398034551942,0.1117274643836846,0.0915547073018595,0.10652167738190503,0.10317233,0.10277195886984895,0.11045502647719839
2024-05-30,0.1106343109307724,0.11655805637225666,0.11560013776370555,0.09756067274278933,0.11103966785927073,0.10831648,0.10641155051094416,0.10194205395240691
2024-05-31,0.11458199447784391,0.12235496437554617,0.11222619436197334,0.10418019773446273,0.09969738716568748,0.09978777,0.10615319312599804,0.08504529404988986
2024-06-03,0.10986456773221885,0.1153816743427079,0.10882345067813207,0.107130532868711,0.1039048044998966,0.10185329,0.10696663503360881,0.08663043499640118
2024-06-04,0.10578703537864306,0.10963902431585648,0.10574058478997213,0.10224824246457594,0.10120563170341206,0.10454966,0.10308030318221036,0.08809326730782722
2024-06-05,0.12000909798963727,0.12419453644224071,0.10373755335270644,0.10279923935299426,0.09973814786308681,0.10026388,0.10751549506857278,0.06620156669681383
2024-06-06,0.11457695366365879,0.11473666327519505,0.10113228661587975,0.11227126289651237,0.09780143762479145,0.0944592,0.10821655139498754,0.06824262600834384
2024-06-07,0.10986016849297459,0.10832828971248132,0.0990549781341085,0.10849314277062316,0.09609267979342703,0.09546958,0.10481533035234158,0.067838958073316
2024-06-10,0.10638424618270262,0.1049071629974774,0.09693953429045042,0.10036829692759743,0.09703846019008074,0.098998666,0.10126366776679359,0.08488456144868546
2024-06-11,0.10340386718557827,0.10202112641583444,0.09504107269773626,0.10064565541538026,0.09777994564555066,0.10248158,0.1006098227488364,0.08459157433887528
2024-06-12,0.109665985515935,0.11093613865923752,0.09374795570120904,0.10099367905278546,0.09331139284778174,0.0922447,0.10132368580550073,0.0621636718124986
2024-06-13,0.1060534643223655,0.10650914251099927,0.09216517892889106,0.08949110366704474,0.09448848143673137,0.09410453,0.09667768314204721,0.06091864962268782
2024-06-14,0.10209626203198222,0.10044912327731152,0.09075030237497217,0.08868947993640822,0.09658710969469977,0.09326443,0.09579095055436342,0.06463929140419285
2024-06-17,0.10661474001047617,0.1069793176556655,0.08960523420349603,0.08769535194346434,0.09900746232583213,0.09416908,0.09777251809325754,0.044910156429520336
2024-06-18,0.10345751167234665,0.10394485214565295,0.08844964188360167,0.09455233665424946,0.09718056620813764,0.08868501,0.09839680484491124,0.042681975447442025
2024-06-20,0.10067557201657283,0.10062173053415828,0.08900860096612297,0.09420214286903267,0.09898389190731216,0.09750865,0.09795386893097256,0.03925329837663845
2024-06-21,0.09764063855634288,0.09642994010593967,0.08850100668867576,0.08457125839350325,0.0973285951501697,0.0962946,0.0931801640333386,0.047555934589178235
2024-06-24,0.09601408166099919,0.09485616869270977,0.08981400383092587,0.08348364323073447,0.10097508024364778,0.09910085,0.09349093504512714,0.04632949335380605
2024-06-25,0.09550587009213075,0.0958064329494462,0.08869060150866812,0.08471503998394515,0.09868270823942808,0.099379435,0.09296787277183466,0.05737740711299304
2024-06-26,0.09307833580987662,0.09178121538996098,0.08760961066345116,0.07450939389025153,0.09868270823942808,0.09496897,0.08875681264651875,0.0668137111331207
2024-06-27,0.09068023340182765,0.08705934064481459,0.08663527809398083,0.07123320975806414,0.09613272948607872,0.09294543,0.08601539088199017,0.07688194733156006
2024-06-28,0.09113097275729316,0.08839261298397971,0.09004071521668663,0.06836214238900927,0.10301497782974504,0.097225495,0.0875026976586825,0.07154684953937035
2024-07-01,0.08998625456834232,0.08736688586381666,0.08884346446948302,0.07089018064450422,0.09599062346802181,0.093009554,0.08562235289362279,0.06918654227508512
2024-07-02,0.09389316247062726,0.09300830842859081,0.08796228079353156,0.06913188314386863,0.09256990739231181,0.09012823,0.08519831766893589,0.0897944342730272
2024-07-03,0.09525521193550222,0.09628998106635094,0.0871020980908874,0.07410988098493497,0.09256990739231181,0.090877905,0.08731166677091634,0.1033012810285084
2024-07-05,0.09697855378216678,0.09986782614189792,0.08636010768551594,0.07909443820403915,0.09635456970599422,0.09188954,0.09080918723073339,0.10348223593431306
2024-07-08,0.09415654918558757,0.09428472531790431,0.08552339462530453,0.08520056512300155,0.09718056620813764,0.08777689,0.09217922683890893,0.10515683525665509
2024-07-09,0.09158783972363134,0.0890270659579521,0.0847758381718392,0.08418953727506591,0.09643908075266772,0.08780043,0.09073881925045497,0.11434494846567331
2024-07-10,0.10461835489881134,0.10284140133681419,0.0847582878634777,0.0842036888545205,0.0958613716011311,0.095240645,0.09489447178482098,0.13338030608874665
2024-07-11,0.11134522943707546,0.1125562661104908,0.10272104015603854,0.09436980926722327,0.10244579915772721,0.1011992,0.102720279287342,0.13034322247464278
2024-07-12,0.11081781150007634,0.11396450846096792,0.10036302812203873,0.10200906016055106,0.09885388058372022,0.095445454,0.1038935840814492,0.13435681314664008
2024-07-15,0.10740157035502472,0.11044797092377952,0.0981162325464478,0.10361618361156587,0.09945954913414727,0.10119945,0.10349243436691262,0.15315868360005339
2024-07-16,0.10880024710879996,0.1143985170146472,0.09627230558453738,0.1062176156704906,0.09631228200048882,0.098428495,0.10377671492659313,0.1467503415271774
2024-07-17,0.12888588398134115,0.1327597656893815,0.13321419264859938,0.1127212439315713,0.11933186445598394,0.11155519,0.1203129974562988,0.19816275693425905
2024-07-18,0.12962959135359164,0.13661289985063904,0.13838169549609197,0.12329859802970526,0.13774308263442794,0.13280152,0.1302237573392416,0.19366151340136745
2024-07-19,0.12912485314060776,0.1381811218128882,0.14116441753186193,0.12387377288927391,0.13156936829781635,0.12925695,0.12818933144256603,0.20260260502491703
2024-07-22,0.13567515563877525,0.14764777472127352,0.13575397785428797,0.12748361525851098,0.12411885638112602,0.12066872,0.1290925424261374,0.18781338174900764
2024-07-23,0.12898109084349757,0.13840294801725883,0.13074696797346946,0.13822292003132047,0.11467501986951266,0.11094384,0.12729301024811024,0.19078130281850864
2024-07-24,0.17579534073353006,0.1737138000937604,0.20112596336347108,0.13782853938986278,0.1452666888695672,0.14333022,0.15296352299765337,0.14534781864566906
2024-07-25,0.16752347303788476,0.16847413379136117,0.19389522580429944,0.16331633106159887,0.1641601536034375,0.15847045,0.16499998590097373,0.17137052943106162
2024-07-26,0.1684461993970107,0.1744896235484526,0.18442486703209302,0.16563600092163927,0.14439074057422036,0.13387749,0.15949098029762343,0.20145717833285617
2024-07-29,0.1585636289974859,0.1605283527419022,0.17528540854786595,0.17393009056400027,0.12871770628127516,0.13489592,0.1537371419475871,0.29531719874092993
2024-07-30,0.15186611829908475,0.1559195774453368,0.1701076898667192,0.17056183808740177,0.1408466887153548,0.1438591,0.15442488170061378,0.3021818667184802
2024-07-31,0.16632004403014225,0.172340647177145,0.16282108992523409,0.17505375540348633,0.1311305396630296,0.13094898,0.15750144636555272,0.28631608943773895
2024-08-01,0.1732297343716928,0.18227575238924765,0.18069536744408055,0.15406610726610753,0.15066239725847744,0.16130784,0.15931941296542593,0.31392968707037056
2024-08-02,0.19099270613655667,0.20017828443811475,0.21210042305766424,0.1643291725420335,0.18784608021009314,0.18167172,0.18105598629622777,0.2868771312330083
2024-08-05,0.24258584482845588,0.23991188036478714,0.2863370492707925,0.17751858068733561,0.26128528401022205,0.24679796,0.22712990317533785,0.18878034172952743
2024-08-06,0.23314565115173505,0.23582028632668933,0.27043393046506536,0.22333942370401133,0.23503627259730328,0.21590474,0.2305071158176832,0.21061442138241687
2024-08-07,0.2217569536286274,0.22755550103888608,0.26062169581523187,0.2335026535015895,0.19239964751996047,0.21390402,0.2158864182167258,0.20507038644154843
2024-08-08,0.24080909886278648,0.24730693363775505,0.2473335831376953,0.2358294988230023,0.19059876198474138,0.17857786,0.22241245322351003,0.16972594849081332
2024-08-09,0.2262294931693175,0.23130115964331346,0.23386660288417122,0.25633625076520167,0.18283913305293997,0.17526332,0.2218016256624864,0.16706646799427913
2024-08-12,0.21143589777272098,0.21044075041845378,0.22126283106333378,0.2509565906195255,0.1609069755586606,0.16592777,0.2077664879836357,0.18063541798171998
2024-08-13,0.21729184276196364,0.22096245773734538,0.21023124292687526,0.20530122965058806,0.14944138489578143,0.16239345,0.19067815243611105,0.1369664637185569
2024-08-14,0.20426089811920195,0.2069539415438306,0.1992958444142603,0.21000079125500637,0.13109955955354977,0.13826033,0.1817870829759194,0.13757846357050693
2024-08-15,0.20973828116464607,0.21714136015875482,0.18981009105422023,0.2039317536504479,0.11610754446861629,0.1222316,0.17659252642790343,0.10037968606913357
2024-08-16,0.19658596155044938,0.2000343182983785,0.1802921376081605,0.18192793919000078,0.1122990991440651,0.11108702,0.16360433329483842,0.12824798385341238
2024-08-19,0.19144082668383627,0.20091923854089647,0.1717413894482905,0.17457816387234965,0.1068801646758935,0.095410675,0.15763305174402648,0.11060002714717701
2024-08-20,0.17990175924287172,0.1854837236896817,0.16354383583625054,0.17990716928394745,0.1180277469557575,0.11493468,0.15927889182752555,0.11027927759845088
2024-08-21,0.17039456437316722,0.17700758228030755,0.15584058297443734,0.1579829057910559,0.11336243560763477,0.12014291,0.14724663525728596,0.11432464831277644
2024-08-22,0.16738516473988366,0.17704703794126964,0.160633675970995,0.15453075419400658,0.13346227532583865,0.14321345,0.15179273141990965,0.09493320418373404
2024-08-23,0.16914444719964436,0.18259728836178105,0.15365231726641182,0.13520859828798715,0.12076195772327197,0.12569524,0.14170500107030115,0.08674438541120719
2024-08-26,0.15994934937789304,0.1714864907243077,0.14820411941545036,0.14419802142194565,0.11972675669049344,0.12299885,0.14129137583011073,0.173364926523143
2024-08-27,0.15090418805346384,0.1602445173983941,0.14164815761712446,0.13267675532393594,0.11988496652493259,0.12329544,0.1344886366341108,0.17336952999501792
2024-08-28,0.14608965605614568,0.15720119352739448,0.1415748195021348,0.13056085428441294,0.13385497796435253,0.13578948,0.13683516276830374,0.16943062017549174
2024-08-29,0.13806635835034067,0.14416918989110497,0.13554742759657346,0.13054174592935452,0.1249247453793691,0.1275432,0.13117761655302143,0.20972592286512012
2024-08-30,0.14166253551265806,0.15029429685249324,0.13054302214779098,0.12168009842463463,0.11092022383982242,0.10913413,0.12475428592570503,0.21350216271726533
2024-09-03,0.17715469920195573,0.17992039503999538,0.19170871281510787,0.11573148048813944,0.1482623099780798,0.14920636,0.14704949655605834,0.15347068609743286
2024-09-04,0.1665648229267415,0.16686894607324892,0.18212912108364754,0.15480564379481296,0.14908019433536218,0.16180979,0.1568168870189722,0.1705746125211051
2024-09-05,0.15753379475059998,0.15850554340444256,0.17414518630770653,0.15801349095280307,0.15964684415783942,0.15630727,0.15839804328708082,0.1773291182795266
2024-09-06,0.17589012189608927,0.17864618654433584,0.20334144513329433,0.15857971951364852,0.17497364802903193,0.17188527,0.1698144964795899,0.13279022521846717
2024-09-09,0.17656826761602581,0.18335165806504441,0.19305136965152353,0.1807733847821958,0.16817486142545643,0.16343036,0.17517217127455934,0.10503158206922632
2024-09-10,0.16755621216299427,0.17504768650585903,0.18312136683103472,0.18867250229166999,0.16592715276039952,0.16047965,0.17405195573835455,0.10015692087907302
2024-09-11,0.1677370062942575,0.17871267588424808,0.17428856836974585,0.16189726081051967,0.14512651062164728,0.14078033,0.1582535925754748,0.06916195591130966
2024-09-12,0.16285324243114843,0.1770469418460647,0.16591088614117094,0.16809744078714717,0.13402819008340383,0.13601181,0.15499295776723312,0.1274995726380208
2024-09-13,0.15605944372100572,0.17077428544441578,0.15807118133013226,0.1712351829712611,0.1255613071854752,0.11831565,0.15095197795924734,0.12239470211430205
2024-09-16,0.14727621269478422,0.15830754854946225,0.15072473192956312,0.14829203923451864,0.11482735703381705,0.116336375,0.13679853632103997,0.12368354158672606
2024-09-17,0.13914977364759545,0.14608850126394438,0.143954339173856,0.13044481643485895,0.11178766026758544,0.124098405,0.1271274167833466,0.12494446425980625
2024-09-18,0.13271276621837297,0.13876152205053846,0.13912896504004416,0.12516443054558174,0.12240881176437657,0.12532836,0.12676200284277708,0.12394347977037576
2024-09-19,0.15551044003629902,0.16023201507694843,0.13472866147550028,0.10637364406624134,0.10991103424990194,0.110879235,0.12393170611748076,0.04356157666679955
2024-09-20,0.14699723563551303,0.1496444270164906,0.12994124912787058,0.12743432938613813,0.10899784354988439,0.107955664,0.12780980285717852,0.0422683155642823
2024-09-23,0.1397183800058878,0.14305233594175046,0.1249341049583686,0.12468625060302098,0.09985767952910192,0.09852415,0.12142077004600356,0.0478617609983346
2024-09-24,0.13298965819685432,0.13590261709949034,0.12035441229617667,0.12613163446087608,0.10556411048021003,0.10752804,0.12156180104598013,0.0799790795824924
2024-09-25,0.1266129760856407,0.1278223158249645,0.1168305798771891,0.12812536770879973,0.10576720027334131,0.103727534,0.12016851468926058,0.07888405856889065
2024-09-26,0.12242150545049743,0.12554902198388218,0.11303704487124737,0.13061746422496523,0.10839238500581441,0.10842356,0.12047711822709235,0.07447591196312381
2024-09-27,0.11688364547288939,0.11838063180981397,0.10982567241790037,0.09259041313714637,0.11152726231645273,0.116523325,0.10700044030882949,0.09740009968754566
2024-09-30,0.11403685703209765,0.11667823920646427,0.10669897355816302,0.08736126007773355,0.11665617509925,0.12204309,0.10601809740302708,0.11516134880228882
2024-10-01,0.12038302468143618,0.12560484630777496,0.12166101059761121,0.08521036937844066,0.12736173188598007,0.13445124,0.1109850419819523,0.11629912556877392
2024-10-02,0.11485643503875055,0.11620355588143068,0.11733550430152277,0.09595337629555634,0.1334828235359944,0.13975486,0.11476421162343375,0.12671530939005032
2024-10-03,0.1102739238706942,0.11017590305166002,0.11397186108856053,0.09304415492579546,0.1316747596846148,0.1298305,0.11166427949370149,0.12700580227548428
2024-10-04,0.11633428508507522,0.11870479356019709,0.11083001176081243,0.09228539230194496,0.13042191676107703,0.1289031,0.1130138647160324,0.11809269307416265
2024-10-07,0.12285406755084129,0.1275514361087894,0.12578523778354214,0.10422643067195145,0.13990070820901335,0.15665598,0.12232706881060203,0.1106390535903456
2024-10-08,0.12820120404411003,0.135986490921659,0.12161212601576839,0.1148209623639694,0.14159496725632345,0.14728968,0.12820571122146762,0.10244726139536545
2024-10-09,0.1277955217298607,0.13830910246103598,0.11757918484440864,0.11667027785178388,0.12985585120900292,0.12355628,0.1247738835968825,0.09519206919146515
2024-10-10,0.12204142136911834,0.13068867912693696,0.11448636333871631,0.12299989352985569,0.14291913698187073,0.14597066,0.12932015062694824,0.09405622917598465
2024-10-11,0.12084890827228718,0.13099539145860392,0.1110321513215955,0.12577041319518484,0.13667287431695946,0.1404311,0.12776406526147716,0.08833807676331208
2024-10-14,0.12254804243120587,0.13494573729320294,0.10804694171000677,0.12288739304859787,0.13678168423544454,0.14279462,0.12740570657174943,0.07071153671028871
2024-10-15,0.12391402577366256,0.13801024395994782,0.11706113377863528,0.11917148003884144,0.133086816002379,0.1289622,0.12539077393829434,0.04550568861247331
2024-10-16,0.1207076387026779,0.13508115429590284,0.11327941585526696,0.11487110679465141,0.12403683879528467,0.12742607,0.11987186143087132,0.07259278067425622
2024-10-17,0.11514934614114054,0.12489468198695204,0.10972193185906845,0.11013491979588087,0.13112723022868478,0.13121314,0.11880383205523538,0.07416061409747653
2024-10-18,0.11223221410168956,0.12185093894002312,0.1065914966101751,0.10786730506948924,0.11818822155229106,0.11743912,0.11276258024115661,0.0686475950060248
2024-10-21,0.1080008192863398,0.1168616624760292,0.10439692736920657,0.10403403869731825,0.13106007666871583,0.12930043,0.11436497821745796,0.0699865390379531
2024-10-22,0.10370667146976995,0.1081241371060134,0.10166204465137377,0.09429049876033704,0.1335154171817848,0.1304576,0.11050419580396394,0.07083676024401699
2024-10-23,0.11170729831044598,0.11803316687659256,0.11725032366557127,0.08039156408243553,0.13501298370188572,0.1275354,0.10903728203158908,0.035655526611700385
2024-10-24,0.10770746144451987,0.11248104728461829,0.11335485990708913,0.0900400172945996,0.12889702610239095,0.13022326,0.1088815016138368,0.1372386284336197
2024-10-25,0.1035233413329148,0.10483645574339992,0.1098094268877225,0.08931607598604017,0.13668106137497538,0.13566442,0.10984015956464345,0.14025195168622598
2024-10-28,0.1008044562353222,0.10157763102055356,0.10661977243426357,0.08565725133909724,0.1284854259322725,0.122653425,0.10498237783556398,0.14041689678296795
2024-10-29,0.09775770816877115,0.09756163050530021,0.10370851085014915,0.08632951572114012,0.14266234168978154,0.12835355,0.1089165218598976,0.16454882076737573
2024-10-30,0.09633824600984632,0.09654745066150429,0.10350958613975254,0.0882071493886451,0.141321333283121,0.13295262,0.1086222428938708,0.24078706189843804
2024-10-31,0.1379603288204197,0.12994121428093952,0.16229462584796614,0.0716561370489717,0.170880623786061,0.16269107,0.12683236321848412,0.20723519971568233
2024-11-01,0.13256064698462056,0.12652170873609972,0.1546933094271153,0.11724736090241328,0.15413500419526857,0.1532301,0.1346476706941008,0.20691643404983412
2024-11-04,0.12674671644854876,0.1218555968719432,0.14884264155835816,0.12268960608746766,0.15073081752016426,0.15373793,0.13338904668539356,0.20606313892171274
2024-11-05,0.13740310499649214,0.13556211995443576,0.14290685268765077,0.12692250416710324,0.1555672496296408,0.14867361,0.13996428626441204,0.18813413026991754
2024-11-06,0.1875425453855599,0.1765179444112562,0.13969301715541024,0.1422872054866239,0.12638097548236304,0.1188199,0.1520702421181823,0.06280384324736846
2024-11-07,0.18033368813044132,0.17474108428087956,0.1340948479595794,0.18544253843963554,0.11811609894009699,0.118510514,0.16129744183672462,0.05511300724734647
2024-11-08,0.1704617136969096,0.1657240107876231,0.1287709991078259,0.1759049051988962,0.1049263995253553,0.10440073,0.15043100614038704,0.10598369213392796
2024-11-11,0.16032950256850265,0.15335663524484816,0.12383564141405057,0.17982284148052396,0.1056273766465855,0.11113451,0.1485932402318707,0.1093427738575247
2024-11-12,0.15182252939577037,0.14551754903987063,0.1209241514171912,0.1834590872595293,0.10735375741949146,0.10439502,0.14754512469159706,0.11100250161787799
2024-11-13,0.1432842677580061,0.13465152035159858,0.11667209948608973,0.1777524186332395,0.10591792621242394,0.10664633,0.14231820420122318,0.11099036995625547
2024-11-14,0.13944118600945196,0.13459216723477618,0.1200419132989108,0.11628248389203927,0.10731038874165448,0.10759117,0.12101135288104858,0.10905426115905682
2024-11-15,0.15031573683850324,0.14899977720631596,0.14667040537328824,0.1046892920348631,0.13168284866315014,0.1354399,0.1288959591788388,0.05994257731506127
2024-11-18,0.14347438036492555,0.14416447761507561,0.14030757977661026,0.12032331633353291,0.13773631500640385,0.12776229,0.13384467056828744,0.057279653739260646
2024-11-19,0.1373770092857572,0.1389344500681458,0.1344696841545817,0.11662577096734712,0.12872368706765144,0.12647739,0.1275754891069186,0.06428897597525948
2024-11-20,0.1301833801726168,0.12792295372327178,0.12904373993770374,0.11332012479643083,0.13442840077817086,0.13812825,0.1259773019157395,0.0697429305893492
2024-11-21,0.12698810758256712,0.1270766782750186,0.12422743494104306,0.11615810390035557,0.12957018359523864,0.12999871,0.12423879835938711,0.07078403844862981
2024-11-22,0.12224274651740635,0.12401161781431552,0.11974719068509165,0.118620433108,0.12118974391356603,0.113693714,0.12068430784632413,0.06861293332701977
2024-11-25,0.11766531906358929,0.1198235239266808,0.11565090905733559,0.09586531503917807,0.10356585067552924,0.09595079,0.1056988282594322,0.06526540019841084
2024-11-26,0.11657022851886255,0.12057081534352847,0.11206278912728854,0.0918931054135939,0.09419985097786804,0.08495745,0.1008877283034415,0.06673323916756609
2024-11-27,0.11332161292263779,0.11863866005021839,0.11163337058322995,0.09226544893490106,0.10094066962198486,0.09784698,0.10217591049317458,0.062440599631107825
2024-11-29,0.11265472432836755,0.12017126226245196,0.10841590527388592,0.09231339590190116,0.08862976491278865,0.08390982,0.09786596171435245,0.05134007418372178
2024-12-02,0.10873622838463254,0.11498758291124216,0.10535281965649985,0.09070368321368286,0.08777987986806123,0.08193327,0.0957399304887922,0.06518298721193545
2024-12-03,0.10445709933987406,0.10718858962664445,0.10254933290799201,0.09047197042932523,0.0863445524271265,0.07982872,0.09375787406544193,0.06842963168629589
2024-12-04,0.1057635543304742,0.11058947906381417,0.10025416238196375,0.08908038827192488,0.08857170808384983,0.08063001,0.09447188356208297,0.07862268893187183
2024-12-05,0.10227903729347161,0.10548891213330829,0.09876855387002453,0.0893674278502,0.08932801218365681,0.08210625,0.09365815910910948,0.08654675289728332
2024-12-06,0.09959254918985064,0.1020631321268509,0.09665967380427677,0.08673586437810246,0.08625810925345218,0.0752412,0.09086217427380176,0.08471895748068098
2024-12-09,0.10188884436367668,0.1059779970420943,0.10349715503298727,0.08043939780281795,0.09974121626501765,0.09147951,0.0940231528105041,0.07737991025654496
2024-12-10,0.09963060308959724,0.10393288792118986,0.10285353670455381,0.0848885386961259,0.10480867139498518,0.096551016,0.09644260439356944,0.07936626265540958
2024-12-11,0.10587618187090414,0.11204019948524647,0.10071834208972609,0.0855489777757012,0.09371859549451593,0.08591294,0.09504791838037376,0.21939408017974354
2024-12-12,0.10601667438790542,0.11348060214663551,0.10500434415940106,0.08959890127473377,0.10098133791793666,0.09597425,0.09886563786019194,0.21606982828813304
2024-12-13,0.10200353610372695,0.10475404831143505,0.10223364864558163,0.09341843636578015,0.09871508497568784,0.10117012,0.09804568581506497,0.22929501787573373
2024-12-16,0.10054302668513654,0.10419371967772997,0.09982822222692354,0.09381365812784,0.10503754316395923,0.10609605,0.09979807599231193,0.23347058888901956
2024-12-17,0.09936330562985204,0.10357147444995088,0.1010252331944533,0.09152948101599437,0.10832516811153935,0.10556555,0.09973931825246192,0.24460543515866318
2024-12-18,0.18813831060629466,0.16587510230554922,0.2252877767713005,0.09307766547229229,0.20996687117261034,0.288648,0.1637276157503991,0.12112770458782354
2024-12-19,0.17644752673150219,0.15361288664156644,0.21306670338434933,0.15893411338598415,0.20541348589439137,0.19842042,0.18026504200395924,0.1444414382995316
2024-12-20,0.17569825489247537,0.1599628419152724,0.20200583238828287,0.16511292712027778,0.16753125069040384,0.18395998,0.16944747756771897,0.14425011842816815
2024-12-23,0.1696203554930075,0.16094935014260847,0.191544233156841,0.17897953510618506,0.14282823803875444,0.13467836,0.163809376212649,0.13813150193452722
2024-12-24,0.16998199062840474,0.16637504903352313,0.18170392292534693,0.18975789586538885,0.11027877302168161,0.092728555,0.1566728865051584,0.11511478230323395
2024-12-26,0.15991653901941405,0.1535314587473305,0.17280650446951829,0.20396916299474963,0.1116891196139078,0.10889316,0.15852494054269048,0.14539601300579721
2024-12-27,0.16214286748539108,0.16056713975522963,0.18066657256011726,0.1482554615085227,0.14447822604824845,0.14576028,0.1516255183473874,0.12825009627597142
2024-12-30,0.16333776697485158,0.16684651576356402,0.1863767875719274,0.1545729526764117,0.14889459552431067,0.16479117,0.15560177172519132,0.12998893658673474
2024-12-31,0.15556955121935634,0.15965548980683866,0.1794450576687772,0.1504517921769447,0.1459213790578927,0.15767327,0.15064757415139793,0.12684771402063863
2025-01-02,0.14726891662932218,0.15088236386796963,0.17134471833129125,0.14327084095015857,0.15333203386593766,0.17056413,0.1479572638151395,0.1673278409099867
2025-01-03,0.15464228107344277,0.16131621597143586,0.16354040925347962,0.1271653041688141,0.12667919132014266,0.12389163,0.13616225885413316,0.142220318265125
2025-01-06,0.14892667723985858,0.15749218881070784,0.15604825638802863,0.14139626046115972,0.12602478033428133,0.12546398,0.13878257267843322,0.13695078926724674
2025-01-07,0.153006718710735,0.16397797087041002,0.1668325851412208,0.13385611676578923,0.15061874406432318,0.15336497,0.14582719318028248,0.17049719386223375
2025-01-08,0.1446963273667981,0.1532019450703705,0.1590255593204125,0.13419788607997973,0.1344600099556091,0.14180408,0.137784741134129,0.1707987372256426
2025-01-10,0.16034893260073724,0.16925864335016536,0.18414059323182846,0.1326954361979818,0.15644398055369824,0.14692025,0.1498294497841391,0.1483081598224571
2025-01-13,0.15136494171474435,0.15823590257756637,0.17504852777364197,0.15285365804733786,0.15459349911917247,0.14816575,0.15293736629375157,0.1603482195677192
2025-01-14,0.14309509644187707,0.14752497934859304,0.1666236120488943,0.1428133593951721,0.15856236112279162,0.15221971,0.14815693898661358,0.16592950462729766
2025-01-15,0.16691453477216334,0.1697476404276273,0.1595761419237245,0.14152375599959707,0.1257751713734697,0.1208475,0.1447378207150767,0.11113225499749033
2025-01-16,0.15751675014234137,0.15901840289932126,0.15297598150752942,0.15805621836410833,0.12293177423672914,0.12062223,0.14616824758105962,0.1119686096152434
2025-01-17,0.1578669536387186,0.16339215330566423,0.14647210748072564,0.16103410901680243,0.11947772963848846,0.10808072,0.14612626409800317,0.13575358681363806
2025-01-21,0.15608795075128398,0.1658270436971168,0.14043339797533858,0.1511458805117949,0.09990598046719691,0.09623876,0.1357132705767586,0.13722680914246982
2025-01-22,0.1508803869883028,0.16223217998013925,0.13478420968274812,0.15757506311657987,0.0955147939627951,0.09005155,0.13465674802255925,0.1343597610306651
2025-01-23,0.1453401081495125,0.15788928272801506,0.1295761944792928,0.16194404593763437,0.09624421685182107,0.09927174,0.134509456979656,0.13428472555968876
2025-01-24,0.13835267182865293,0.1503107771408825,0.12619253145596196,0.13555563729111056,0.09803926259788155,0.09978759,0.12398252390588167,0.1375157486757881
2025-01-27,0.1530876025377507,0.1648110038835269,0.15655050104247747,0.13213309949027746,0.1291755498820605,0.13635188,0.13813208397002955,0.10477299894491891
2025-01-28,0.15270706271110782,0.16733291890913943,0.14972778865912847,0.1406904835770717,0.1274069155839051,0.12456373,0.14026815395736156,0.09667484224278033
2025-01-29,0.14636754282468606,0.16081026081166455,0.14665077375683364,0.13947981701885442,0.1268842544593549,0.1206572,0.13757720476763177,0.09489193141420717
2025-01-30,0.14128647501325214,0.15744363273871984,0.14047252237943977,0.13594647098094403,0.12444765553966664,0.118811525,0.13389353384462094,0.09097327876736128
2025-01-31,0.13655881095300132,0.15330905401176195,0.13893173889853655,0.13722871282449586,0.12728708955668838,0.123645194,0.13369153777806184,0.10744278062141063
2025-02-03,0.13589418290595975,0.15369588916991841,0.14281682956645075,0.13987776822428366,0.14704410315217104,0.15358426,0.14093868476080482,0.1042098103017096
2025-02-04,0.1346251931706148,0.15441729969957918,0.13701127174991135,0.12450273932980892,0.13105393419316097,0.1334372,0.13006062223119488,0.09084905857089873
2025-02-05,0.12950836595718399,0.14897305017532303,0.1315828605457508,0.11875550356158962,0.12687576680836268,0.12017145,0.12504654544237878,0.08866518177264593
2025-02-06,0.12472406829037412,0.14281025006387751,0.12660104036838835,0.11579615683652511,0.11417468220250804,0.107228525,0.1182316357764691,0.11232482217398979
2025-02-07,0.12939334448836237,0.14870114229364237,0.13768447402321735,0.11154429057692984,0.13178611354733777,0.13442634,0.12424124953754333,0.089772453677147
2025-02-10,0.12822232274566966,0.14862459114534016,0.13228152353445005,0.11659877244470565,0.11698948066730525,0.11293689,0.12060352528589352,0.07812723415905028
2025-02-11,0.12203705678857261,0.13689897247219343,0.12720364313123336,0.11508035112316436,0.11531710311172663,0.10900743,0.11747817034115454,0.07988828772406716
2025-02-12,0.11737617433403846,0.13060555309905802,0.12391371712081631,0.10904842449945736,0.12070833261075571,0.11610615,0.11571097714808383,0.08341504096705941
2025-02-13,0.1253489163265888,0.13931653558644502,0.11987314109386243,0.10733843363927083,0.11675117612835839,0.10870136,0.11647950869807266,0.12831949453377064
2025-02-14,0.11943638883896307,0.1288645850746257,0.11586142365615089,0.11803747252687369,0.09204051208090117,0.09411926,0.10983812448224599,0.1331026739456724
2025-02-18,0.11487386559409116,0.12344536578995852,0.11222579676815851,0.10752120763646035,0.10026194704521717,0.09561426,0.1075523400919229,0.1361055065562836
2025-02-19,0.1107692245971614,0.11805376655632915,0.10892055564267741,0.100773747146334,0.10570240899137076,0.099783115,0.10574846024495539,0.13506131031558452
2025-02-20,0.10889289455447974,0.11666808833285305,0.10984100989416218,0.10036173460901615,0.11122507585274981,0.107285194,0.10682656833874858,0.17372320409671985
2025-02-21,0.1396934015529125,0.14236003814344314,0.15726273899137594,0.1011394530295108,0.1318146465001988,0.12574221,0.12421583369420737,0.16649300286028657
2025-02-24,0.1350622326066951,0.13962214747243817,0.15385622837972654,0.12028964167022758,0.14678677803537624,0.15035151,0.13404621743743297,0.20580201307210452
2025-02-25,0.13064999627730428,0.13659621260133542,0.15037022627724791,0.12436730028295412,0.149346543486307,0.15418983,0.13478794668218846,0.22109568998811893
2025-02-26,0.12421422546632284,0.12631897337053796,0.1438261775174599,0.1288437942251723,0.15204901735572474,0.15303262,0.13503567901573996,0.23471115889915853
2025-02-27,0.1463128698873093,0.146993997811623,0.17465581617596812,0.13149271641185462,0.16109547363078566,0.17991668,0.14630035330998317,0.24185323864565816
2025-02-28,0.16215447260575078,0.16606739569971973,0.16679542965097313,0.1524559098860297,0.16784970900015822,0.1655857,0.1608200304973129,0.21806039007680486
2025-03-03,0.17974534478494772,0.18386675234234423,0.19775492376418488,0.15147766615866587,0.18734878144662195,0.18731238,0.17285726413007851,0.263339375533459
2025-03-04,0.181277990749978,0.1902054287142333,0.20492575077351835,0.17190022766777596,0.20319052959737882,0.20086636,0.1854562493383776,0.25420146625990464
2025-03-05,0.18034249262140947,0.19241381107971522,0.19466536219341068,0.18325658997993488,0.18968043722996739,0.18563187,0.18442650661043725,0.2441499555801349
2025-03-06,0.19484779067319946,0.20831174837501212,0.22030375139430583,0.19477870594665606,0.1894008379264344,0.20056805,0.19300911151543,0.23060451840278992
2025-03-07,0.18505382109025173,0.19830266328580456,0.20885087313023937,0.20220044423370823,0.20122431920708692,0.19656807,0.19615952817701562,0.27197085383165137
2025-03-10,0.22715867902174092,0.23269147940953872,0.26906169279656156,0.19598441921574733,0.21099931737417868,0.22038189,0.211380805203889,0.1958243670773354
2025-03-11,0.2161811945029859,0.2237660875578228,0.2592819039868358,0.21862349288086708,0.20833678449693016,0.21288966,0.21438049062692768,0.2030282091674653
2025-03-12,0.20392242903887997,0.21149735917005064,0.24519445113066987,0.21766216227431162,0.19803699344622208,0.19986658,0.20654052825313793,0.21409544468193412
2025-03-13,0.20515438702013364,0.21605272760572464,0.2500073006994731,0.21489218710525892,0.2003107500099579,0.20549986,0.2067857747117835,0.19030500129458508
2025-03-14,0.22271140887832452,0.2343685460321395,0.23701003380775745,0.20951738607592868,0.17073449098368274,0.1712339,0.20098776197931198,0.11803780689663773
2025-03-17,0.21103442392690477,0.22317273499557344,0.22443267982692333,0.23043841576974655,0.17386627479473074,0.16868201,0.205113038163794,0.1652042753944788
2025-03-18,0.20567560239421964,0.22184521446356986,0.22429294387441023,0.19631792883871071,0.1710085049996599,0.17092684,0.19100067874419677,0.14708965673018298
2025-03-19,0.20100747148485587,0.2205972308422799,0.21267372343402438,0.19706295449199498,0.17033290412670704,0.1699923,0.18946777670118597,0.14888102053243957
2025-03-20,0.1886974829652028,0.20369077569345492,0.20223150132342724,0.20072907895254327,0.164635695402632,0.16572562,0.18468741910679268,0.14992479110536566
2025-03-21,0.17711925505370668,0.18703320826320677,0.1919910728057566,0.18951477712410092,0.16871187181168995,0.16309306,0.17844863466316585,0.20608631196124422
2025-03-24,0.19100053351844315,0.20207790662060904,0.18291885515920753,0.15191039292508884,0.14027699263832244,0.13624033,0.1610626396939515,0.16907980928267136
2025-03-25,0.17936913386873293,0.1875980850144822,0.17405165454889157,0.1700499114822361,0.12540646941745473,0.1303477,0.1582751715894746,0.1708249144297188
2025-03-26,0.1789150133076845,0.190573702005521,0.18186803797947898,0.1597462665930089,0.1359457757946456,0.138599,0.1582023518984463,0.15843946442964701
2025-03-27,0.16905378576931568,0.17956009792200164,0.17447183779758813,0.157065909062582,0.1528481923958537,0.15219602,0.15965596240925045,0.3854499682813053
2025-03-28,0.19158093338384286,0.2015064851125757,0.21268896678212415,0.15540416550688085,0.1586434063671513,0.16006207,0.16854283508595835,0.5655487623689769
2025-03-31,0.1821178302536822,0.19236985991816272,0.2017612642315607,0.18354199152529502,0.17454679277320959,0.17096385,0.1800688715173956,0.5644311238315574
2025-04-01,0.1722366819424895,0.182058217967671,0.1915726692194837,0.16858829020491617,0.16660498687438607,0.17169107,0.1691433196739306,0.5748794996210684
2025-04-02,0.16595170433951265,0.17735019519976997,0.18214858096453806,0.1706054913198041,0.18213717604401633,0.17889489,0.17289812390111103,0.8629130133629899
2025-04-03,0.3080903367205843,0.2703562996349826,0.3729440118783215,0.16576622760042392,0.20091320289603498,0.19779609,0.2249232557390144,0.8265095280984579
2025-04-04,0.43703441038855734,0.36646637533027016,0.5401419802844997,0.2722773307328275,0.31658639487739426,0.28937092,0.34196604533292635,0.7127548185062724
2025-04-07,0.4060727380578538,0.3310762539936644,0.5085198181012297,0.367286649971242,0.43945396129810876,0.38664842,0.40427111644240155,0.7147733263646163
2025-04-08,0.3866596209536884,0.3249837045963413,0.49007065226968716,0.3900676088096387,0.49332419289645885,0.5332758,0.4233504742199286,0.7059956002264647
2025-04-09,0.6048117341164878,0.47939061384602716,0.4660698117291392,0.4182554177914373,0.5803834444358992,0.57315725,0.5344835321146081,0.3285082649189649
2025-04-10,0.5918783506693444,0.4830740937155334,0.4975069529828655,0.5776063948353489,0.6583681944155025,0.6357083,0.6092843133067319,0.21327338624209882
2025-04-11,0.5574121783161378,0.4585729881822157,0.46846701159613985,0.5899377605442782,0.5679706405765108,0.5624499,0.5717735264789755,0.24072768553633814
2025-04-14,0.518931683844643,0.4214449588540818,0.4410837536381153,0.5541926828990404,0.43166451440355125,0.37359193,0.5015962937157449,0.29293196622042783
2025-04-15,0.48169375792237296,0.37844030771021453,0.4155273672711514,0.5660570623563583,0.4350553068643373,0.355863,0.49426870904768955,0.315308643957947
2025-04-16,0.4633272882927135,0.375658538257697,0.4194775135816445,0.5721663126201932,0.47413880677253445,0.4027488,0.5032108025618137,0.3062797112816571
2025-04-17,0.43024423930291467,0.3382143099959071,0.39511323556584865,0.38984442628747,0.4135950586260624,0.3627258,0.41122790807214904,0.31054546211252215
2025-04-21,0.41949776595404414,0.34495496506349993,0.4047163505280185,0.30978409802285606,0.4274568345617452,0.34989002,0.38557956617954847,0.2603677239474255
2025-04-22,0.4116723580287808,0.3521849985891652,0.38170739008562005,0.29577504630844675,0.2765040155282497,0.2660633,0.32798380662182575,0.1961199273410582
2025-04-23,0.39253514186149874,0.3427511105283492,0.3599179438864204,0.2950509074554311,0.20711235952460935,0.19562696,0.29823280294717974,0.15751868997355853
2025-04-24,0.38023017711802753,0.3404215585480766,0.3396204134996583,0.28438153068823024,0.2172750686745346,0.21498139,0.2939622588269308,0.0807780605189461
2025-04-25,0.35557690520855373,0.3182212989111191,0.3203421254185319,0.2803523959614788,0.18884722481862082,0.19823731,0.27492550866288445,0.12073436428334347
2025-04-28,0.33065016172015943,0.28729823056493375,0.3022529498677473,0.28832658827517793,0.19538908789797876,0.20490976,0.271455279297772,0.12892561926043947
2025-04-29,0.30918211250290084,0.2684587068642699,0.28536053612023676,0.2695421174718321,0.1904684952619765,0.19062342,0.25639757507890315,0.1339433698206964
2025-04-30,0.2879349236536237,0.2456923137637765,0.26953600748500023,0.2383398717011166,0.1887917608746821,0.196265,0.2383555187431408,0.13703492193572633
2025-05-01,0.27033861691483874,0.23232154768687827,0.25478713530194635,0.2137675432427958,0.19457867065390028,0.19922772,0.22622827693717826,0.1359295134935099
2025-05-02,0.2639003271780949,0.23823974912101917,0.241208840596307,0.16971249672506175,0.17037572621667016,0.1734589,0.20132951670660892,0.08792518299667777
2025-05-05,0.24732744019393324,0.22511055654410814,0.23100214583537584,0.17553430573688453,0.18209195949845494,0.18072695,0.2016512351430909,0.23959082271581328
2025-05-06,0.23429020800888556,0.2180719155255497,0.22473092587350443,0.1716317356531445,0.1997367622311586,0.18590276,0.20188623529772953,0.23880211374206034
2025-05-07,0.21978951541075314,0.20461575944428886,0.21278362913747706,0.16880612758200553,0.19193239659253442,0.19670428,0.19350934652843102,0.2369204746594488
2025-05-08,0.20763459069833407,0.19646963561089537,0.20168337897093852,0.16635796534539105,0.16112060968818265,0.16624288,0.17837105524396923,0.23516560794754265
2025-05-09,0.19413746705957596,0.17932680967882664,0.1913979869018765,0.16626329220723896,0.15171767232814015,0.15508066,0.17070614386498503,0.24027783513960188
2025-05-12,0.25215222815078836,0.22975421718904152,0.18280662420154062,0.14190008004225796,0.1550000350678396,0.14674397,0.18301744775362863,0.07767535399686253
2025-05-13,0.2381805513341919,0.22037641332879163,0.1738778442309214,0.20608205235401683,0.14096439377374514,0.14074266,0.19507566582065128,0.06454825319632687
2025-05-14,0.22215045058740462,0.20158393098655647,0.16555585106161153,0.2078217475099352,0.1319714466008973,0.13200054,0.1873145482327457,0.13209765416041497
2025-05-15,0.208603237292026,0.18970455081115997,0.1578778240759844,0.2095283575760081,0.1364522766390335,0.13622242,0.1848612905023559,0.12885136199721847
2025-05-16,0.19866813079374773,0.18541407058931714,0.15082648540356688,0.21122888030218975,0.11437445094637828,0.11763638,0.17475715401410527,0.1281793281290779
2025-05-19,0.18596154642358154,0.17031191246512414,0.14426780147980664,0.21868043156099382,0.1330760638056028,0.1366991,0.17923934726339272,0.1925193666989897
2025-05-20,0.17558241065501135,0.1630388095443561,0.14069696415452015,0.14194324373291362,0.1363694849234564,0.1344894,0.15129837977046046,0.19461506416371785
2025-05-21,0.18719896012996007,0.1806215835154905,0.17394815806229516,0.12629266618423401,0.1534600715657423,0.1479301,0.1556505659599788,0.15920600476153898
2025-05-22,0.17544294166852573,0.16504219933239836,0.16564699378827977,0.1476152337081397,0.16018631231889385,0.16039911,0.16108149589851975,0.1591757049667563
2025-05-23,0.16875013433677583,0.16300718651969187,0.16434273892494222,0.1395676061678543,0.1662387530201813,0.15982595,0.1581854978416038,0.15459021606091666
2025-05-27,0.19329403699909672,0.1883474548159568,0.15720920199126487,0.13212109179102033,0.15344248852953585,0.14781874,0.15961920577321764,0.07008251810865332
2025-05-28,0.1835380781434569,0.18216054288279626,0.15481099515063687,0.16391975349460264,0.14794955645303196,0.14466973,0.16513579603036385,0.05778174358468975
2025-05-29,0.17346616703494744,0.17273804495327552,0.14795881045716508,0.17106924279058064,0.15926286528394615,0.15340318,0.16793275836982477,0.06278673220152027
2025-05-30,0.16290797936684864,0.15785884359015134,0.141627043325108,0.15743099532779287,0.15089106853517872,0.15194383,0.15707668107660674,0.09599212371742884
2025-06-02,0.1549204483298176,0.15238230638454378,0.13582440187413933,0.15882525123563063,0.14735722641776483,0.1515118,0.1537009753277377,0.09171968183265801
2025-06-03,0.14941895066374752,0.14956673801811882,0.1305207131787357,0.1583532755799335,0.12528126661105018,0.12855726,0.14435116428491043,0.0907390491791039
2025-06-04,0.14106434661475892,0.13736637657051312,0.1256138147202175,0.11714029942531119,0.1091845415678626,0.118808985,0.12246306253597757,0.09281057654273787
2025-06-05,0.13658950627254074,0.13542731655140822,0.12627779377583864,0.1042320136772182,0.12384117558167954,0.1303105,0.12155423184381282,0.08908571367748638
2025-06-06,0.14097461636213404,0.14463182314000675,0.1218872681944197,0.10069726137647748,0.11738491138269203,0.122012384,0.11968559637376786,0.09575219866049992
2025-06-09,0.13351837469672861,0.1344082800593609,0.1177239751613481,0.11065437656426058,0.10554004437787856,0.11464246,0.11657093187962259,0.1163221987403107
2025-06-10,0.13015903368003034,0.133087329199642,0.11397542090475511,0.10525370169121523,0.105796208635283,0.12124471,0.11373631466884286,0.12477732538966682
2025-06-11,0.1245749495518084,0.1279120692138186,0.112062460870403,0.10568517420282052,0.10937744479259018,0.122103356,0.11321252284907302,0.12326272929531783
2025-06-12,0.12046137057743543,0.1251614769761214,0.10880491108822746,0.10844324051845367,0.11634517990764581,0.13168107,0.11508326366784498,0.12124299903864705
2025-06-13,0.13059872887599386,0.13699642812139187,0.13067284332250537,0.1074106970251564,0.1307664495060807,0.13414882,0.12292529180241034,0.11314534050763547
2025-06-16,0.13413727036942957,0.14358450003239948,0.1258785247919069,0.1092491530540166,0.1311102682051927,0.14122668,0.12483223054287962,0.12067459952899048
2025-06-17,0.13522747407449168,0.14749295444222224,0.13391328838206837,0.1182458561645262,0.13482000037917882,0.14496927,0.12943111020606557,0.10496149189996291
2025-06-18,0.12824741204352144,0.13556177812334388,0.1287388483263851,0.12285635262834081,0.14631802329654742,0.15013072,0.13247392932280322,0.11928172336279981
2025-06-20,0.12252918136445563,0.1283050334939543,0.12485325040992584,0.12315583011240425,0.15241818987591016,0.14994922,0.13270106711759003,0.12391137387397463
2025-06-23,0.12792665748810475,0.13603048477555363,0.12056741020452916,0.12432299702184718,0.14395155332498966,0.15247145,0.13206706927831388,0.10992945202717308
2025-06-24,0.13579900606808865,0.14656031851222232,0.11670828765381222,0.12224214064015837,0.11896299011707842,0.13417038,0.1256680456084418,0.07734426453511026
2025-06-25,0.12875176224402357,0.13478893000648978,0.11300347440202434,0.12548562007701564,0.11957835804849475,0.122080125,0.12460524678984465,0.08433016563540502
2025-06-26,0.1299280042014906,0.138677369825125,0.10974022881391084,0.11784829563865398,0.10882019439683518,0.11900668,0.11886549807899326,0.08585604710082272
2025-06-27,0.12668508968849376,0.13656294153096032,0.10672004125381036,0.12343747983441015,0.10746311542323331,0.119086005,0.11919522831537906,0.09563366763793177
2025-06-30,0.12377703828002627,0.1351653766315953,0.10398509313451951,0.12505454636659963,0.10492581242182919,0.12019669,0.1179191323561517,0.08851170555756412
2025-07-01,0.11809182664815453,0.1261795934334054,0.10174750060168115,0.11864458910587877,0.11022228260634073,0.121088564,0.11565289945345801,0.09804174623524908
2025-07-02,0.11575524123027352,0.12475917083973251,0.09948858615248969,0.10248871086177512,0.10954986426667612,0.12130037,0.10926460545290827,0.09413713096400032
2025-07-03,0.11965423449277185,0.13088747420718577,0.09754092473967908,0.10378031592816468,0.11027683636798774,0.122569725,0.11123712892964142,0.07704495083786976
2025-07-07,0.12208179403578638,0.1346974379695139,0.10948903785113423,0.10218902864088322,0.12259372347196111,0.13200907,0.1156215153828769,0.05380921878112802
2025-07-08,0.11647854923284745,0.1264292017776546,0.1065561252599142,0.10482637703593797,0.10992784985065171,0.12639433,0.11041092537314572,0.06051108912537479
2025-07-09,0.11603366731662397,0.12689382875783964,0.10378348145456875,0.10095133620012275,0.1229169945747133,0.1268933,0.11330066603048668,0.04830133058060357
2025-07-10,0.1119950909148999,0.1222001009711204,0.10130476868577189,0.10617649802688048,0.1181547263723256,0.12714833,0.11210877177136865,0.0583232200859287
2025-07-11,0.10888732921521066,0.11830601854537524,0.10154833625946741,0.10509462293010427,0.11881172335450427,0.123633645,0.1109312251666064,0.05340567128671384
2025-07-14,0.10490311366246044,0.11200632474767504,0.09928444930432949,0.09754050600321916,0.12911539749029713,0.13086966,0.11051967238532556,0.05339472943768126
2025-07-15,0.10336563125788169,0.11045581697193134,0.10086983853974982,0.08556466482709225,0.12176064502893647,0.12772255,0.10356364703797012,0.04560110638872639
2025-07-16,0.10122312520197879,0.10849369562810159,0.09868130723579532,0.08660478018078041,0.1188770332916828,0.13386649,0.10223497955814732,0.06796233278714105
2025-07-17,0.10208979842415589,0.11031661592936585,0.09673105667197306,0.07869025261884074,0.11289315700035453,0.12438947,0.09789106934778373,0.05653136599829044
2025-07-18,0.09859282528408952,0.10222278406715521,0.09495351568371582,0.08063743089115485,0.11593339902627077,0.1192653,0.09838788506717172,0.06315308711651169
2025-07-21,0.0958048336334737,0.09692577946515192,0.09335996952594851,0.07697166999586783,0.10934623557703138,0.11764244,0.09404091306879096,0.062380802309693735
2025-07-22,0.09310963478870857,0.09131115273367234,0.09193203578444482,0.07650808540440225,0.11102984486720328,0.120684154,0.09354918835343802,0.06567816097356434
2025-07-23,0.10009815936058705,0.10008865525527229,0.09071882429092858,0.0720444020972372,0.11095251280431426,0.12208599,0.09436502475404618,0.036613723706886384
2025-07-24,0.09690519307573499,0.09447642775665523,0.08957304089072057,0.08192041353795655,0.09809499003600637,0.11542752,0.09230686554989931,0.04479516832749426
2025-07-25,0.0964654531561736,0.09551424480020161,0.08856801180800344,0.07680212955056473,0.11046499172527377,0.11919951,0.09457752481067071,0.11963525075787634
2025-07-28,0.09363134126009243,0.08878054815376667,0.08765630874714089,0.07968196432594392,0.10042387761974673,0.11532219,0.09124572773526103,0.15842296100919237
2025-07-29,0.0925538595452489,0.08819525108747635,0.0891266062810333,0.07958799024937044,0.114395609756011,0.120200396,0.09551248651687679,0.16078026227932826
2025-07-30,0.0904456302070165,0.0842970677191188,0.0885577210101995,0.08168668472761778,0.11523731749391448,0.12300462,0.09578987747618294,0.16859627206810493
2025-07-31,0.0906147615160242,0.08598463696853771,0.09114928300217252,0.06758098118015782,0.12320425419297278,0.12519188,0.09379999896305159,0.1666318865887904
2025-08-01,0.12468096070768402,0.11536168479842968,0.14131236614435427,0.06989864912186954,0.16239119901061735,0.14820848,0.1189902696133903,0.13307755978122468
2025-08-04,0.14300945134546802,0.13592356202314393,0.13565716619421272,0.10380202900883707,0.1442092549700955,0.14439164,0.13034024510813355,0.08508615452520818
2025-08-05,0.1378246644996002,0.13432383946191684,0.13441134938587884,0.1252777065785748,0.13072014207436156,0.13668051,0.13127417105084552,0.11162013944108179
2025-08-06,0.1364183302502987,0.13648738362192417,0.12921454237733918,0.1318068916461339,0.12645772309034328,0.13093002,0.13156098166225863,0.10163669954366132
2025-08-07,0.1293699870738918,0.1269955854613431,0.1245346930861604,0.14253711784755346,0.12835416731438,0.12975077,0.13342042407860844,0.10150156919777631
2025-08-08,0.13003279971528087,0.13105420537235127,0.12018909448885581,0.14875366508510124,0.11951026516241067,0.12650429,0.13276557665426428,0.08766103550606849
2025-08-11,0.12429887955227902,0.12585141012389106,0.11740788346311387,0.13596515426034517,0.11682371944406343,0.12139041,0.1256959177522292,0.0858378391032353
2025-08-12,0.13339897764655287,0.13773731912177659,0.11375207808129711,0.1123420949029386,0.11591375589046185,0.12186441,0.12055160947998445,0.051897291251336256
2025-08-13,0.1277895330399008,0.13185300926463267,0.11033156773036672,0.12076724420499552,0.10577992292807153,0.11741425,0.11811223339098927,0.04967817211851292
2025-08-14,0.12154029774933649,0.12242441151280233,0.1072196123630031,0.113381068000402,0.10642158830954254,0.11946895,0.11378098468642701,0.057224354615556014
2025-08-15,0.11699391107968728,0.11855251407951574,0.1062283154601475,0.11007951813962898,0.1142375918589619,0.12435125,0.11377034035942606,0.11958231262887062
2025-08-18,0.11185339906185288,0.10929471693255181,0.10350791633476518,0.10222059720797869,0.09688425475258174,0.11788,0.10365275034080444,0.12337232305792172
2025-08-19,0.11193829502977388,0.11225354734684238,0.10857443264924217,0.10168360402689032,0.1205556414083614,0.12823462,0.11139251348834188,0.11974444526146623
2025-08-20,0.10815585399411086,0.10832305260605425,0.10690246765936867,0.08458491052440528,0.12635593983790078,0.12973052,0.10636556811880564,0.11969724100661791
2025-08-21,0.10624554978575487,0.10747431710435311,0.10759004727695165,0.08086459786745717,0.1261405330299692,0.13197745,0.10441689356106042,0.11839233077180009
2025-08-22,0.13116282089835182,0.13013912525304927,0.1049429675214442,0.08164490123403192,0.11179973361048065,0.12176907,0.10820248524762148,0.06814453013635102
2025-08-25,0.12672206187271734,0.1273400307972086,0.10634727262766733,0.10918103626025655,0.11738558978508212,0.12278907,0.11776289597268534,0.07844905532169724
2025-08-26,0.12264721199564275,0.1252570827636702,0.10362880833935799,0.11315571292029669,0.11190522372527104,0.123511195,0.11590271621373682,0.08124504209279754
2025-08-27,0.11763501372700448,0.12002412907925036,0.10116351324079856,0.11566115078686098,0.11069610352503617,0.12081066,0.11466408934630055,0.09897116791630778
2025-08-28,0.11372907942289351,0.11634380053237021,0.09894549350250033,0.1197522461823647,0.10669544524411176,0.12128437,0.11339225694979,0.09900082228430246
2025-08-29,0.1144119978930874,0.11917162853542793,0.1062083330039096,0.12282548332704404,0.12072571813877163,0.12500398,0.1193210664529677,0.08915005819902554
2025-09-02,0.11589899565726246,0.12321125962265816,0.1136429490767333,0.09970370337986481,0.1305917251106839,0.13496055,0.11539814138260372,0.07667506479709775
2025-09-03,0.11428534120673643,0.12286120092269927,0.11024582083495012,0.10171238526848157,0.13554372827177164,0.12979542,0.11718048491566323,0.07086648573989945
2025-09-04,0.11843264428342887,0.128773280808942,0.10720307233612808,0.1005538789999668,0.12436030896820927,0.1288486,0.11444894408386831,0.07168573499221795
2025-09-05,0.11444948043910014,0.12455172215477944,0.10656416643256295,0.10632767130164332,0.12291075806607708,0.12883893,0.1145626366022735,0.06814746280272586
2025-09-08,0.1101770105803331,0.11814872864075149,0.10381332966956126,0.10492050192700383,0.11531733145137199,0.12182161,0.11013828131956964,0.07437914359983251
2025-09-09,0.1067769980036129,0.11509389182432522,0.10133140534682765,0.10153292868331558,0.11185586804888484,0.12361694,0.10672193157860443,0.07247581791063729
2025-09-10,0.10394913107161358,0.11111828179443207,0.09897772073606653,0.0958496878055785,0.10855394013109879,0.11513681,0.10278425300276361,0.06966310175164847
2025-09-11,0.11026893681318649,0.11924718400400984,0.0969716881786,0.09253543535235305,0.10986132516336818,0.113773994,0.1042218991096359,0.049037054205008146
2025-09-12,0.10588895466629915,0.11057604947751155,0.09522502666463525,0.09132542656327972,0.09358400899640107,0.10804585,0.0969327967419933,0.05991613419567976
2025-09-15,0.10511009743304232,0.11122929811851243,0.09360214378504826,0.08795530587862391,0.09449955933593811,0.1121744,0.09585498754920145,0.05877585220805112
2025-09-16,0.10151345709752121,0.10481916528289037,0.0925591930486761,0.08955519528931802,0.10204889041338493,0.109995164,0.09770584760007472,0.07003660683714309
2025-09-17,0.09822699083900113,0.09932782334850086,0.09145108210874467,0.08837444574360274,0.11420633553761242,0.12109035,0.10026925737340542,0.07257555366181394
2025-09-18,0.09866301840865807,0.10102611613169207,0.09022530906963068,0.087047679506541,0.11382443517407922,0.11684398,0.09984504436309276,0.07340095369097364
2025-09-19,0.09917213159024786,0.10283952665224641,0.08913128436002517,0.07714696352440105,0.11499948536817604,0.11951156,0.09710619349427498,0.07704446269061001
2025-09-22,0.09895190877994922,0.10312039247015024,0.08815606424363388,0.08121677372282946,0.11339764644066777,0.11792004,0.09785544298114883,0.07286365584749711
2025-09-23,0.10040752832384164,0.10610602468171954,0.09491826436197101,0.07996531566904572,0.116663952135479,0.12622917,0.09901226537612212,0.06793295103919574
2025-09-24,0.09833640278589849,0.10337395869803395,0.09529490119110362,0.08453164607277898,0.11486735046433742,0.11849719,0.09924513310767163,0.06918048509264416
2025-09-25,0.09911329189653512,0.10558640671126007,0.09962336105233821,0.08544774112029788,0.12522970004614603,0.12842992,0.10326357768765966,0.05944967698983471
2025-09-26,0.10115699774733113,0.10918577032958099,0.09755249881490201,0.08679528742731141,0.12514254213666215,0.12609175,0.10436494243710155,0.042299750494939996
2025-09-29,0.09881163248830742,0.10555051622698791,0.0956906831043475,0.08895410572541868,0.12594601283827261,0.124642186,0.10457058368399957,0.045911557640603104
2025-09-30,0.09823833536949705,0.1053361319038675,0.09401964709328274,0.08771434300735774,0.12654272186633456,0.12979929,0.10416513341439644,0.04475281380442986
2025-10-01,0.09696429041861497,0.10369319165128557,0.0925222523197287,0.08527534312810667,0.12166228939196588,0.122747324,0.1013006409795625,0.05589219915030316
2025-10-02,0.09412887302804566,0.09765387055440339,0.09118248844950584,0.08561106555862406,0.1164671625276609,0.124285415,0.09873570037144354,0.05906294657625146
2025-10-03,0.09157487873114611,0.09059558872336879,0.08998546359123533,0.08075488969486723,0.11549843449045429,0.12208741,0.0959427343054892,0.20387336557724847
2025-10-06,0.09149925769368447,0.09109431640130815,0.08891738500733204,0.07161782904533637,0.11006273929555015,0.116794616,0.09105994201152368,0.23015483108993384
2025-10-07,0.09164981534461786,0.09227092619410611,0.09167305466516516,0.07133352854857163,0.11581818542314484,0.12344268,0.09293384310544478,0.22882268788008375
2025-10-08,0.09481728809244533,0.09660663861320642,0.09042357382221806,0.06928728773577314,0.11114587385606253,0.11922503,0.09175014989476034,0.22687379220384987
2025-10-09,0.09339215404497445,0.09487851152392379,0.0912343237251154,0.07294451691609813,0.11669240518234326,0.12258423,0.09434302538113863,0.23042877319620478
2025-10-10,0.17493090435644684,0.15378220930225714,0.20642278118642993,0.07411904453062587,0.16840182445221333,0.14972167,0.13915059111309536,0.12811742956021058
2025-10-13,0.1845274412413783,0.1711957621695225,0.1957458538209965,0.14301480577826203,0.15360799089751917,0.15182441,0.16038341263905317,0.10009580990602414
2025-10-14,0.17317340140608667,0.1592134660703911,0.1861314308630459,0.16464688064504812,0.15874740637327914,0.1530208,0.16552256280813799,0.09947711839626652
2025-10-15,0.1640806196328595,0.15227412174291152,0.17691213541854828,0.1749525853381751,0.1647380925237983,0.15838467,0.16792376583161095,0.10259444326456091
2025-10-16,0.1581225663666999,0.15156959363761327,0.1736944298229983,0.18425304554650396,0.20005752958112347,0.18605174,0.18081104716477578,0.10108290383041801
2025-10-17,0.15165824167561717,0.1488607513796573,0.16539270731210923,0.19586523292009067,0.17155877953393303,0.16651016,0.17302741804321362,0.10930536892986899
2025-10-20,0.15428244473251207,0.15584432060130077,0.1577161484280101,0.15016662457952473,0.14512448663658822,0.13975121,0.14985785198287502,0.11742263003372448
2025-10-21,0.14545767370410498,0.14296804765730844,0.15062828646909243,0.13198878676232845,0.13320039167797484,0.12695853,0.1368822840481361,0.11853795187492962
2025-10-22,0.14051238529270726,0.14109396810382463,0.148564282960988,0.12502411740425418,0.14448319176909225,0.1456883,0.13667323148868457,0.11228436277917922
2025-10-23,0.13669787772289133,0.13988650962653598,0.1421937536220992,0.11989009732166704,0.12814634779649578,0.13444309,0.1282447742803514,0.12609567938463537
2025-10-24,0.13644059686464935,0.1427426890694419,0.13633406431661294,0.11250795855565496,0.10996212631704086,0.114992216,0.1196368939124484,0.11455101507611605
2025-10-27,0.14537967635430565,0.15380661368739715,0.13095384764074652,0.11509165576718706,0.11041210002804594,0.11459541,0.1236278107165129,0.07583361975100024
2025-10-28,0.13795662077741813,0.1455219757719959,0.12602300668705524,0.11961727701241592,0.11328963630289182,0.11877071,0.12362117803090862,0.11185993228481174
2025-10-29,0.13069050873213534,0.1339998052396948,0.12151298293205201,0.1213478676920574,0.123066680364413,0.12582634,0.12503501892953525,0.11481664431457302
2025-10-30,0.13542758461228213,0.1418038284131672,0.1353039077160396,0.11953904686578438,0.1283898800169047,0.1327707,0.12778550383165707,0.12065501065457084
2025-10-31,0.1291939057240107,0.1345789240803017,0.13000902362135655,0.12689877860564897,0.12191387984744506,0.1295582,0.12600218805903493,0.11955444193854375
2025-11-03,0.12315209885146201,0.1271085415833316,0.12515808133177855,0.12271591695064005,0.12219849499457441,0.1293672,0.12268883693222549,0.16098817336344526
2025-11-04,0.13377751037237995,0.1396416331196248,0.14470686765480667,0.1046937978948821,0.14673493199969392,0.1399706,0.12840208008898532,0.13823417338921462
2025-11-05,0.12846197917838917,0.13467168819352943,0.1386444307781786,0.11953471438508231,0.13589692740280165,0.14272429,0.12796454032209104,0.13586145207463649
2025-11-06,0.13657728021890383,0.1453721062499399,0.1532318952740857,0.12129748745177474,0.15620707377632362,0.15094814,0.13802728048233406,0.16167261412790263
2025-11-07,0.12962753368824678,0.13517211290868167,0.1464932462038844,0.12385634908820765,0.1493635330690009,0.14925332,0.1342824719484851,0.161463864862042
2025-11-10,0.14859419237429453,0.15545615686027647,0.14028767625863148,0.12405563578964236,0.1323311836612193,0.13745035,0.1349936706083854,0.13626338423953516
2025-11-11,0.1407950964724701,0.14538041317515285,0.13462657510230655,0.14624265847064438,0.12494635714305305,0.13227326,0.13732803736205587,0.1477002726908876
2025-11-12,0.13335038553498924,0.13503149323421929,0.12941921342907667,0.1379291642856207,0.12127077712060487,0.12859243,0.13085010898040492,0.15000984583057622
2025-11-13,0.155608956980483,0.15645037099576875,0.16797210701623913,0.1375201609890333,0.14470375023348725,0.1499313,0.14594428940100118,0.14443474522602842
2025-11-14,0.1467313426017075,0.14462151963434594,0.16014664361397699,0.1499112649279754,0.14891314359212035,0.1537116,0.14851858370726775,0.16020160789163068
2025-11-17,0.14736942553919646,0.14919568795997804,0.16500659593623226,0.15168434290319083,0.17133161479426645,0.16057508,0.15679512774555124,0.18239537702648934
2025-11-18,0.146316494033435,0.15260866797959888,0.16700834557352795,0.1394508466573512,0.20194086839165595,0.17876084,0.1625694030274807,0.18413352625862026
2025-11-19,0.13977712904917855,0.1464182646671565,0.15922053782737083,0.14476961890002865,0.22051928302682303,0.20328605,0.16835534365867674,0.18864073042266494
2025-11-20,0.15734471646764722,0.16438049945236216,0.1852261788033858,0.14677687952008164,0.22009249381769888,0.20239292,0.17473802993514256,0.1568946508519781
2025-11-21,0.15745966788134955,0.1674629779540445,0.1760748325501935,0.14383316460434914,0.1946941307467352,0.19714345,0.16532898774414462,0.14572558299063443
2025-11-24,0.17011085022698486,0.18190214991015766,0.16760230439408796,0.1505804979214881,0.1597404787464285,0.15754521,0.16014394229830048,0.09831565656639653
2025-11-25,0.16718023432339868,0.1817868843228943,0.15976923009575555,0.16265311493124013,0.15586624416683492,0.15918306,0.16189986447382457,0.07752920856037579
2025-11-26,0.161573096476269,0.1786209821279434,0.1525381970719031,0.16577255112064815,0.13355914245418377,0.139084,0.15363493001703363,0.06067802549792952
