,GARCH,EGARCH,GJR-GARCH,HAR-RV,LightGBM,XGBoost,Ensemble,actual
2018-01-02,0.09202207302638162,0.0842466925754537,0.08449982656416356,0.05701527556265752,0.091253297989424,0.08657589,0.08009688219282103,0.0746039462422413
2018-01-03,0.09475778037033557,0.0892200442583058,0.0834037536630767,0.06785474379457848,0.08879834185671684,0.088221826,0.0838036220072103,0.05981363689510879
2018-01-04,0.09406315078515018,0.08967993067220409,0.08241916706358349,0.07547467580290593,0.09051485247272262,0.085624896,0.08668422635359291,0.07238052015865468
2018-01-05,0.09754767011599949,0.0951587372898957,0.0815357349982834,0.08173019036348009,0.09203370760974375,0.0924177,0.09043718936307443,0.07101802375511251
2018-01-08,0.09488673729967224,0.09158028219894973,0.08074390378749458,0.09098863640472943,0.09666450249164209,0.110873275,0.09417995873201458,0.0743827891870872
2018-01-09,0.09233375570500257,0.08831831833807145,0.08003486985449994,0.09320260226766686,0.10232897571556462,0.14829344,0.09595511122941136,0.09936430069898942
2018-01-10,0.0899561023777986,0.08465764442099542,0.0797409700697088,0.08762592955036598,0.11539676364624303,0.1607746,0.09765959852480254,0.0997132971614724
2018-01-11,0.09406035852821429,0.09041572350674974,0.07913777786120371,0.08174831988419032,0.10995024246819127,0.14741522,0.09525297362686529,0.09182451865326013
2018-01-12,0.09707176110725502,0.09492982733287583,0.07859877848801959,0.08453823837028027,0.10208063669501646,0.14259097,0.09456354539085059,0.09697646945094096
2018-01-16,0.0956680401935752,0.09453847366059152,0.08153323795079194,0.08218720942187654,0.11566203339043968,0.12648372,0.09783909433529714,0.09494166507526654
2018-01-17,0.10346232064210799,0.10313471661032776,0.08074166680029919,0.08199990976554711,0.09493441129671422,0.10511099,0.09346554723478977,0.06785144450291208
2018-01-18,0.100255631813635,0.09943836619175567,0.08074490129566321,0.09161818787585241,0.08742788189399285,0.08895668,0.09310056719449343,0.06700907638628381
2018-01-19,0.09933082220214708,0.10004561252922185,0.08003576263830821,0.09495110980813626,0.08037686704750166,0.075694725,0.09155293301926166,0.1025146077650826
2018-01-22,0.10384036752315823,0.10584781667904211,0.07940134587110674,0.09414141573900445,0.07449281222020855,0.07342158,0.09082486516079041,0.0977519695367971
2018-01-23,0.10084847271962458,0.10244411719559458,0.0788342467582949,0.09765345501806584,0.07723226881849286,0.07293881,0.09191139885206108,0.12397705261294645
2018-01-24,0.09759259010928702,0.09688120143165017,0.07841526946805351,0.09860905486864262,0.08181843169673707,0.07770446,0.09267335889155558,0.12396185598401897
2018-01-25,0.09462709056500185,0.09219258326877564,0.07795370554721527,0.08820908231039148,0.07999864794754119,0.08017779,0.08761160694097818,0.12397351555155137
2018-01-26,0.10833248158980108,0.10506283956741753,0.07754192736647517,0.08554967298814653,0.07710948103908614,0.07712307,0.09033054520567792,0.1776113928639731
2018-01-29,0.10947846837158164,0.108633267169152,0.08917337939268259,0.09737306201993536,0.092912449555911,0.08640418,0.09992132664914266,0.34276298528012833
2018-01-30,0.11822201704664756,0.11893819909434371,0.11370893886958314,0.09667150951086369,0.11058254971956054,0.10853538,0.10849202542569059,0.35567065754428745
2018-01-31,0.1135223504691693,0.11172497822294476,0.10996529849564934,0.10750679251050321,0.0912602243623027,0.08528926,0.1040964557806584,0.357430702780078
2018-02-01,0.10921894301733971,0.10570598923836838,0.10662030237533486,0.1124180597618005,0.09379226296482845,0.09945926,0.10514308858132289,0.44889729404925727
2018-02-02,0.148309278308734,0.13429019945966483,0.17552530666093538,0.1172182558021456,0.13648414800524294,0.12969947,0.1340038940387075,0.4352313318210288
2018-02-05,0.24817788893519552,0.2005779761385364,0.32333176748024484,0.13943382494094594,0.36243669435934645,0.42498466,0.250016136078496,0.3328817200771957
2018-02-06,0.2491674101993699,0.2114652062588114,0.30556152928956254,0.20814518002490542,0.314473473500303,0.3128965,0.25726202124152614,0.30997687291856735
2018-02-07,0.2366643090658982,0.202397340094691,0.29078034669562347,0.2307917839799111,0.2914732348049128,0.3444637,0.2529764426169074,0.32210527635270464
2018-02-08,0.2912721536335371,0.24881840083344414,0.37371902601110213,0.25015315217234335,0.3959564683627779,0.36652088,0.3124605913895528,0.19295688012339235
2018-02-09,0.2841734494050305,0.2516125413965175,0.3528836924993145,0.3035060045592939,0.32677216719233665,0.30322197,0.3048172070522204,0.16174509897199013
2018-02-12,0.2765094984454269,0.25155183329906566,0.333311063510459,0.3209737491648639,0.25699742974010353,0.23529229,0.28482689245013143,0.13515605350988263
2018-02-13,0.2613063104384365,0.23621655685062104,0.31493050230471104,0.2924926159807223,0.2650349516312666,0.25955597,0.27294462601680847,0.1394812831783628
2018-02-14,0.2551551735332404,0.2376304587192968,0.29767556309732773,0.2847506031034801,0.18912240731649377,0.1757627,0.2430093946510714,0.1028079182240964
2018-02-15,0.2479989100445291,0.2364121805238649,0.2814837391400174,0.28826851092432026,0.1956034562975132,0.1771301,0.24395695908878753,0.12672543667075278
2018-02-16,0.23431184050257417,0.21894583146396138,0.2662962230316991,0.23308203529886648,0.17011324781713108,0.16665061,0.21250237453952392,0.1514527545867339
2018-02-20,0.22333507027739838,0.2107646323344008,0.25501864760120574,0.20521049749472992,0.1966906636796943,0.17491765,0.20841207715060753,0.1716116507941281
2018-02-21,0.21294060327096198,0.20360207049905374,0.24422583952788962,0.18377291499674667,0.18487364196553036,0.17264125,0.193862386744413,0.18491650960898384
2018-02-22,0.2015810474261784,0.19059972752369267,0.2313809346032156,0.17354357926905817,0.16863550306897768,0.16071054,0.18125337658807142,0.20788239601798222
2018-02-23,0.20605935628927033,0.20006807199203738,0.21935679253251564,0.14731452120937172,0.1257269042603851,0.11742298,0.15970026058634237,0.1782167777632191
2018-02-26,0.2032516624359678,0.20198657776073492,0.2081087757845748,0.15007093913371009,0.12346630130048666,0.12566903,0.15892963429005483,0.17590498109694938
2018-02-27,0.20232459385825263,0.20604072427274686,0.2149368623654571,0.15748915667338265,0.14991741185966184,0.13646254,0.16991038746376572,0.15182272817961862
2018-02-28,0.19918496129997063,0.20683606555068226,0.2169158274545849,0.16703279784089012,0.17549136121047243,0.17121878,0.18056970678377773,0.12956587672238976
2018-03-01,0.19969502886985374,0.21087879731917775,0.22413345281456348,0.17495958859064914,0.1869224792258657,0.1730798,0.18719236556212285,0.0933706446436585
2018-03-02,0.19075855718827436,0.20284536881000703,0.2125761319543481,0.19020647128665336,0.16637383897697233,0.16684978,0.18244628915063335,0.14963249040703464
2018-03-05,0.18856660202683834,0.2032329891275226,0.20176960597019902,0.1855292997077234,0.15235595153577525,0.15777336,0.17548395109011236,0.12808129228963694
2018-03-06,0.17923653237739373,0.19369474960081604,0.19167320839997054,0.18705499208569626,0.15023974613464405,0.1484044,0.17217709019924468,0.13456892104480173
2018-03-07,0.1682663699024641,0.17871995044912467,0.17902215564519147,0.17878023132669735,0.14780739228460738,0.14209916,0.16495133117125627,0.140563539469021
2018-03-08,0.16093932939432018,0.17237851215622804,0.16994034669433908,0.16782690481072865,0.11320802663559681,0.115346774,0.14732475361354855,0.13707475848847406
2018-03-09,0.17557520679286676,0.18675571169498792,0.16153512392743485,0.14666004701483365,0.07142617077905447,0.092449084,0.13122047486225163,0.06303872640180531
2018-03-12,0.16625563767345206,0.17476106017396614,0.15401310573843158,0.15939457536289456,0.08744121970008396,0.089186534,0.13769714424547685,0.11919303875382843
2018-03-13,0.1607598239108995,0.170899404591704,0.15316058344584035,0.1474490162577547,0.1281743395198702,0.1206681,0.14546105989617478,0.11074053033962539
2018-03-14,0.15514791857209892,0.16752330299774193,0.1512097950196777,0.14516477086642293,0.12527300131440805,0.12441855,0.1418618969176433,0.10379805606224597
2018-03-15,0.1472942124452164,0.15613325187356675,0.1443396268981551,0.1449049501269189,0.10579755101149095,0.11997562,0.1326655711945421,0.20851129941120664
2018-03-16,0.14025812116596417,0.14731351255981287,0.13791430827351056,0.14506833411402942,0.10456496413170947,0.11023524,0.12996380647056768,0.2568286652259548
2018-03-19,0.1517432640629613,0.15939954698548145,0.16422663401033863,0.11464763986631854,0.13805893507303943,0.15142529,0.1348166130007731,0.3030377177337269
2018-03-20,0.14429209917359193,0.15021173954024122,0.15625318325244172,0.12876269636898452,0.1321610219112048,0.14344124,0.13507193915126042,0.32715188341981577
2018-03-21,0.13754368037525272,0.14203303303546372,0.1494238044006125,0.12379537699656278,0.12229254514945981,0.12873648,0.12787720084042511,0.3275464307391885
2018-03-22,0.1834863718535938,0.1766983035134917,0.22499250913587207,0.11859990686514785,0.18592589690343506,0.18760285,0.16267072520739223,0.2897913983583645
2018-03-23,0.2037084315531068,0.19848203070742282,0.2571900848364003,0.15540989224414617,0.209061517182384,0.20389338,0.18939328032654568,0.2950764929678594
2018-03-26,0.2349294139976871,0.2266404569629152,0.24260230511875144,0.18448160649192089,0.18545101238107814,0.20764108,0.20162067762356203,0.242496624994376
2018-03-27,0.23804588454215314,0.23561131207288036,0.2580886413864927,0.21302003922975163,0.22317896950567756,0.20987226,0.2247482977591941,0.22397127809615336
2018-03-28,0.22462740916525126,0.22073758175973598,0.24425559290655952,0.2372852669746519,0.2476304481923006,0.22315705,0.23651437477740125,0.22823393190712818
2018-03-29,0.22260447295830296,0.22497979374383992,0.23055137568340467,0.25478965288653477,0.2175653563165294,0.20279875,0.23165316072045572,0.2596600935600523
2018-04-02,0.2386938895264555,0.24241758652066023,0.2668952975670174,0.25041157608279774,0.27305601247374073,0.26692808,0.2540538260276647,0.20557601213073604
2018-04-03,0.2334615401224477,0.2417876526294828,0.2516493853652897,0.2557171970133363,0.24389136142879667,0.22241889,0.24435669952152686,0.21956838070936946
2018-04-04,0.2273916678030888,0.2403115403000562,0.23743913834463293,0.23618371618164272,0.18389677991615172,0.18491161,0.21582405463362775,0.20758611414975453
2018-04-05,0.21698876229614814,0.23037197585784377,0.22420388298068186,0.22387601572340238,0.1302477522407913,0.13494755,0.19037084342011393,0.21008873753331916
2018-04-06,0.2330806067310084,0.24691921132780037,0.26039405631258056,0.21866962448373908,0.20282136636188416,0.19015399,0.21819053252554388,0.14071128148373804
2018-04-09,0.22016555926609985,0.23108720294331453,0.24558857763686692,0.226624496684119,0.199790055800692,0.1956539,0.21552670391697026,0.15009297733460641
2018-04-10,0.22372670202676892,0.23925159945628088,0.23179293393780986,0.20508660975423948,0.16785854142999598,0.1594001,0.19889061773700145,0.11969591713927873
2018-04-11,0.21266616873696964,0.22823180583379063,0.2221933796729182,0.20884810473452403,0.16465883651399515,0.1611568,0.19539103666182958,0.11320193877615056
2018-04-12,0.20477562002097394,0.22161187700780313,0.21001660844076336,0.2047166110201321,0.15995409313129738,0.1517817,0.18981544139080117,0.10523238068666188
2018-04-13,0.1937620375007589,0.20903155118338634,0.19967457151988588,0.20498299949174853,0.14982865660354014,0.1364519,0.1828578978653492,0.11982087954780109
2018-04-16,0.1874637177739834,0.2054310709195671,0.18909083051360778,0.17617809874738724,0.1339566713709564,0.11877718,0.1658661626307757,0.10521288342471181
2018-04-17,0.18503793595151252,0.2052031568024159,0.17927105349200878,0.17516292728211103,0.12049472152811085,0.10796239,0.1602318615872448,0.12061183083689929
2018-04-18,0.17494920241441433,0.19057066415292265,0.17017085590283756,0.15900380498905645,0.12315327873793422,0.109823294,0.152368762047135,0.12117006693952369
2018-04-19,0.16806328116620073,0.18482962386069418,0.16643437594462906,0.15096005529737488,0.12534485959871838,0.117768325,0.14812273202076467,0.1358329877630674
2018-04-20,0.16494012154731386,0.18363881635288695,0.16877336383280803,0.14112384375597709,0.14911807448669767,0.14929211,0.15172734659666287,0.12169086659093899
2018-04-23,0.1562899290341759,0.16953702037500418,0.16045592138339668,0.14406760792883183,0.13346897294915214,0.12752287,0.14460883663738663,0.13496274747035142
2018-04-24,0.1631023297320651,0.17798932209420626,0.17832922854290195,0.13661494370698396,0.15047652060032551,0.14027333,0.15006459801312486,0.09693174902631653
2018-04-25,0.15486702673076821,0.16783153615236773,0.16929865452309648,0.14038400954146288,0.1546329282173579,0.15260145,0.14996132149652966,0.10891263910763707
2018-04-26,0.15601730227621444,0.17194888279341924,0.16094167473534465,0.13979029688931258,0.12935248685304965,0.12611645,0.1417200286728589,0.08178053820553767
2018-04-27,0.14815043804359335,0.16060171988921332,0.15321882871035145,0.14465008156791825,0.11936241172436682,0.12042703,0.13738764377862614,0.12162583719509376
2018-04-30,0.1467572234323248,0.16124780429487268,0.15650883365865223,0.13860042028929137,0.1326764300572304,0.123959266,0.13934469125961554,0.10948508428008455
2018-05-01,0.14008944520041544,0.15350611685771173,0.14912713121098128,0.1427425260956877,0.11658814446487437,0.124058984,0.1331400385869925,0.10799950573204098
2018-05-02,0.1382510501032246,0.15348101088035748,0.1506470909721864,0.1279550062666091,0.12493127370777735,0.12018046,0.13037911002587035,0.11707835292148189
2018-05-03,0.13215692178470206,0.14562847668352114,0.14454571150883672,0.12883609352147143,0.13153745159715127,0.118617676,0.13084348896777492,0.13354861720449385
2018-05-04,0.1414549967788667,0.15590004223493556,0.1381039276818481,0.11546017733068478,0.11836318166824455,0.10656309,0.12509278525926534,0.09906927217404568
2018-05-07,0.13573549125499237,0.14933268583845177,0.13218175536003962,0.12625660867657923,0.10319104251497066,0.10001814,0.12172771414884742,0.09619485909719964
2018-05-08,0.12935989306623707,0.14018826849898075,0.12676007016051835,0.11972630854225567,0.09662074662583603,0.09018826,0.11523564941144293,0.10782211891273154
2018-05-09,0.13258838166785297,0.14479737699149653,0.12115685575751091,0.11858930514422689,0.08598353995502314,0.08410068,0.11238707558903434,0.08816930861375644
2018-05-10,0.13492311213439304,0.14952545748065266,0.11661981040647756,0.1209893784146328,0.08417172941604889,0.07348678,0.11336140665502492,0.05853480119919822
2018-05-11,0.1288750517881501,0.1409351364248291,0.11248820112029562,0.12865428769351853,0.0870132558796986,0.08479439,0.11484753178712241,0.0602472263725467
2018-05-14,0.12311567119189774,0.13251660842687082,0.10873373231052509,0.11581546934253524,0.08925593086212542,0.088223994,0.10939569046551946,0.07950017339092129
2018-05-15,0.1227510840986053,0.13365720738163933,0.11537177000123194,0.11292851196405959,0.10066461831617725,0.10226323,0.11211473812628071,0.06664610666922169
2018-05-16,0.11919197187967402,0.13103916022237244,0.11135324905395107,0.11603857642342748,0.09689232710363502,0.095848374,0.11070762513557884,0.06437521865490207
2018-05-17,0.11424975911387229,0.12310120656501702,0.1078637297031376,0.10759601499999069,0.10127583867047968,0.09935718,0.10770720426144755,0.06568061703562553
2018-05-18,0.11045864628552753,0.11872865526727931,0.10609212905140643,0.09297812429497732,0.09521574801730529,0.099538915,0.09955083953260337,0.06515010945116935
2018-05-21,0.11250881535729654,0.12203728530694245,0.1029384060465566,0.0902527999766895,0.09341595160068815,0.09663928,0.0987258556448914,0.09128786141242078
2018-05-22,0.10922348992015271,0.11875269158740603,0.10238011810606724,0.0945331097859805,0.09853749371174367,0.100300334,0.10076469780595894,0.1259285968260172
2018-05-23,0.10634182496225303,0.11561919312236979,0.09958568068687301,0.08732905869545188,0.09635567153045657,0.096724756,0.09667551839605382,0.1331531736686288
2018-05-24,0.1029620399723243,0.11133848361954232,0.09805590073492036,0.08459447157292946,0.09448941965796043,0.09800911,0.0940153104010714,0.15294341091137348
2018-05-25,0.10009581494500763,0.10785569770877884,0.0970499326558196,0.08494797805956825,0.09636649420207466,0.09779484,0.0938034290688835,0.15529917325549916
2018-05-29,0.11320254029727411,0.1199082851422281,0.12387938612177077,0.08459043425759696,0.11544542761129348,0.1329049,0.10441280072205485,0.13162030123647717
2018-05-30,0.1259794674197522,0.13264131560987555,0.11910304941653006,0.09272030155223861,0.11640757784508098,0.12365242,0.11170244893902392,0.11388655679630025
2018-05-31,0.12532227612127742,0.13409542165126567,0.12412896527456996,0.10716605696320042,0.11654539698417933,0.114986025,0.11634457668955238,0.10292721009431414
2018-06-01,0.13158137056264094,0.14253551471617235,0.11933083370879392,0.11410258982762544,0.10329061090413921,0.10335544,0.11632485709813518,0.07222398159153733
2018-06-04,0.1275296200584565,0.13902122096422084,0.11495592664880515,0.12661415546160792,0.09552734658343505,0.09377152,0.1165570407011665,0.06532190197544596
2018-06-05,0.12185278801149989,0.1302549748385701,0.1109752436791355,0.13407365896604395,0.10130625572623007,0.09784036,0.11907756756792465,0.06629485476969595
2018-06-06,0.12429885384470751,0.1352086745474102,0.10736093536407196,0.13037228980317117,0.08176139834016342,0.09083153,0.11214418066268071,0.03933642774330201
2018-06-07,0.11889550108220863,0.1263939670103937,0.10420150353212529,0.1242047231229084,0.09672161328505771,0.094140634,0.11327394583005825,0.04276378176319995
2018-06-08,0.11498134485959087,0.12256606939914101,0.10122972558823248,0.11878071847681657,0.09429593838891726,0.093921505,0.10935266724177489,0.037282642150608405
2018-06-11,0.110453734554119,0.11548849829263409,0.09854838437389772,0.10369341432078093,0.09530801974156623,0.09543054,0.10315172287215539,0.03950705856344709
2018-06-12,0.10655768791590119,0.11095126458714752,0.09613408962104338,0.09484807377929266,0.09130822154760199,0.09534524,0.09757132774759862,0.04719159945662471
2018-06-13,0.10464986258674058,0.10995883700811314,0.09795208108917314,0.08990938849303033,0.09801304520225401,0.09279431,0.09752409876067497,0.03942423273455623
2018-06-14,0.10168257404289979,0.10614230805896702,0.09559785670833847,0.0761299647015529,0.09194515854681995,0.0932993,0.08991923243042421,0.05735409465808916
2018-06-15,0.09835843059484894,0.10110500474301888,0.09374341504799656,0.0724134015682461,0.09188965008997453,0.092408545,0.08755382741768986,0.05840977956012019
2018-06-18,0.09581839745175941,0.09815198447533684,0.09297338802308935,0.06765975159030094,0.09327646377142211,0.09584867,0.08558487093782748,0.11317693634380314
2018-06-19,0.09512094224985333,0.09804197371756229,0.09523190622199723,0.06603836349706191,0.09291548263524575,0.09338678,0.08469159612738701,0.11060865221572729
2018-06-20,0.09269214566769009,0.0944829850290137,0.09315503654706234,0.0668653877636235,0.09367816390816608,0.09011131,0.08441189911315988,0.12589877606392857
2018-06-21,0.09565736057764607,0.09895185465644342,0.1011925393536249,0.06437021431087991,0.10106472185544359,0.09932827,0.08703076558132318,0.12538112771729304
2018-06-22,0.09324722384250406,0.09532909481052014,0.09851486838889317,0.0704841531808022,0.09346032317092341,0.09713064,0.08573056673140989,0.1247998081669371
2018-06-25,0.11434316311453191,0.113097983707012,0.13496698930437223,0.07219593564607413,0.12397105208315998,0.12142045,0.10350338361458866,0.08013920919105029
2018-06-26,0.11030127655355422,0.10880153652326924,0.12924308589775194,0.09403917941992734,0.11600241988142927,0.12604518,0.10678095861830361,0.08612557703491157
2018-06-27,0.11467551800875603,0.11599449628533423,0.1374341016750376,0.09815529949530205,0.12863187453570057,0.13269342,0.11382089734658622,0.08583412132518767
2018-06-28,0.11435113239859969,0.1182153289310929,0.13150457509678176,0.1093255950728389,0.1395471685194199,0.13708124,0.12107463199695283,0.09513204458935894
2018-06-29,0.10981370985319526,0.11125115048051308,0.12607227670335847,0.11426631588956265,0.1315863152332852,0.12999259,0.11855544699201437,0.11362302919232213
2018-07-02,0.10673743017329347,0.10839190449663759,0.12110522508911035,0.11873166827306049,0.1368200191524813,0.13622896,0.12076303919961175,0.1142066574600491
2018-07-03,0.10581691312531032,0.10926970831739256,0.12143229234025295,0.10268405412189609,0.12510057894389337,0.123989716,0.11120051539703325,0.11982509943086095
2018-07-05,0.11079952234644497,0.11592253352160725,0.11687090682960184,0.10209323490356817,0.13649198455498562,0.123219356,0.11646158060166627,0.12028662788848975
2018-07-06,0.11472389778014389,0.12161916517353534,0.11271662928991132,0.09852747849156487,0.0952139534981242,0.09757767,0.10282177658994433,0.10455928486806583
2018-07-09,0.11868128186499317,0.12763476252917275,0.10894109775035225,0.09880759883836072,0.09617466005765252,0.100442156,0.10455451358700213,0.08424322596912058
2018-07-10,0.11504027353483685,0.12378163031249768,0.10551708379676059,0.1034959335781608,0.09513177767388618,0.08907007,0.10455599492896128,0.08534459996887252
2018-07-11,0.11607881976134175,0.1276474928747941,0.11345860836344832,0.10616345868220074,0.09715057447415053,0.09414055,0.10646428430589767,0.07045439796875534
2018-07-12,0.11958207088734486,0.13210593849860072,0.10949014747742349,0.11019507310710802,0.09043270240114071,0.09136329,0.10673661546519786,0.0439327173535097
2018-07-13,0.11463635986941798,0.12477037435409555,0.10597655295293615,0.113245805664107,0.09217216280594547,0.09319855,0.10668477611315681,0.043781547236621164
2018-07-16,0.11011413420146936,0.1173973005568536,0.10304242819528284,0.10959441942856,0.09193511044772323,0.098601334,0.10388122135925087,0.04509382769738394
2018-07-17,0.107746907348722,0.1158568359966014,0.10015062876289688,0.10198324669524765,0.09822510151592066,0.09672306,0.10265175185329678,0.048859890498675444
2018-07-18,0.10428848466019021,0.11101633747869057,0.09754599754130218,0.1007595439685212,0.09381489726607917,0.094711766,0.09962097529826353,0.07930919922973777
2018-07-19,0.10254444854500455,0.11023721518187601,0.09903282742869274,0.09327524070600893,0.10027967814855925,0.0963866,0.0986997891331909,0.07722754937811858
2018-07-20,0.09911100747546038,0.10424759276785385,0.09676147248904123,0.08019034418139731,0.09535571886990324,0.096415594,0.09155235684225364,0.0900188677674118
2018-07-23,0.09633311108817447,0.10025900109430456,0.09450072925630898,0.07594438763127172,0.09394902956872164,0.094221406,0.08874217609605595,0.09804008160266531
2018-07-24,0.09642897605686787,0.10105355459781425,0.09247414054674383,0.07370791610337583,0.08752252339744859,0.09258616,0.08588647185256411,0.09829581731483812
2018-07-25,0.10405014501634265,0.10962715524586003,0.09066094024950884,0.07224245789670194,0.08833844889670159,0.09002772,0.08821035060324872,0.07469446584025748
2018-07-26,0.10152443678128394,0.10696749466382471,0.09146319637561154,0.0821229908675278,0.0912466995020477,0.09204818,0.09163137571695314,0.07957158490359015
2018-07-27,0.1035476919065606,0.1108568515907481,0.10055266627597595,0.08342531801625615,0.09313206524441534,0.09571658,0.09336835838907737,0.07231166263733015
2018-07-30,0.10406406030725876,0.11294176327108793,0.10566102497263957,0.09019624989543262,0.10272706669997649,0.10360127,0.09899579230088928,0.06464743085581023
2018-07-31,0.10334251046373667,0.11279601843483957,0.1025137677867615,0.09593429578885246,0.09335386858199395,0.0989668,0.09754355827819434,0.05816720451112964
2018-08-01,0.09985710837724468,0.10683659317161848,0.09993131411524844,0.09912789893605345,0.09875062875679462,0.10043384,0.09924521202336427,0.057725973258130496
2018-08-02,0.09969600133416727,0.10748626688630064,0.09734868985646639,0.09128349655036147,0.09977673814014425,0.09998676,0.09691874534155766,0.047116768960607396
2018-08-03,0.09921105694223321,0.10809847007036467,0.09502776627096735,0.09289027048750546,0.08648285260831821,0.08918778,0.09286139334601896,0.06088386236465558
2018-08-06,0.09761820746265182,0.10629778783243074,0.0929462325563343,0.089376684566738,0.08707865075005314,0.08711958,0.09135784759314765,0.06237130415608522
2018-08-07,0.09560218459509798,0.10370189479816394,0.09108301812162024,0.08459343779550992,0.07811970867596292,0.08103462,0.0861051103555236,0.07438891085338743
2018-08-08,0.09272562342386656,0.09762587549189446,0.08943655860613417,0.07954255448060447,0.07987182472265464,0.084536254,0.08404666754237522,0.09200706932691512
2018-08-09,0.0904170283856831,0.09329386755488928,0.08850886982305171,0.07768716552752566,0.07923730569613628,0.081779405,0.08244716653644835,0.10722165344210406
2018-08-10,0.09513482173481164,0.09918538980071429,0.10003088067861389,0.07163110475876441,0.09404634158221468,0.09294051,0.08693742269193024,0.09737727806475165
2018-08-13,0.09449195558874837,0.09887440576659846,0.10128105611734865,0.07435441130951585,0.10380025590017668,0.1160614,0.09088220759948029,0.09469248214145609
2018-08-14,0.09718494301465631,0.10331506826462895,0.09856351122853076,0.07406014931892779,0.08963893062709108,0.09407394,0.08696134098689173,0.0844836423854959
2018-08-15,0.10171923454819681,0.10907218908581692,0.1095392816475551,0.07844687706663084,0.10742689110298832,0.10390761,0.09586433423927199,0.06488772847116081
2018-08-16,0.10600776713463372,0.11426539019118782,0.10602103898239028,0.08611935712142266,0.09474477823568327,0.10083313,0.09562396749724655,0.03491042844508316
2018-08-17,0.10350121415130449,0.11214261860137652,0.10283898341301385,0.09498835108282155,0.09604459657301212,0.09986556,0.09817805393571272,0.050879500591925635
2018-08-20,0.10061004660378617,0.10869381833546644,0.09996720890187838,0.09482994917599949,0.09726435465187482,0.09864326,0.09756811681055348,0.07235349810547542
2018-08-21,0.09780047387130468,0.10443666364437743,0.09738098054431787,0.0967558178776954,0.09415336379276303,0.09530546,0.09623655184725437,0.07087646864299829
2018-08-22,0.09472263540717327,0.09825241800553358,0.09509628190446306,0.09481733453551859,0.09196580324605322,0.09815788,0.09383525772958168,0.08151385687582614
2018-08-23,0.09231893071032601,0.09464366567955311,0.09373479537674763,0.0873235753807569,0.09604634558341858,0.09498355,0.09189628389150051,0.0865664171724788
2018-08-24,0.09502202311866194,0.09853358166817369,0.09178845633595972,0.07330287115442416,0.08697285353226429,0.092340924,0.08509924926845013,0.07463204492089039
2018-08-27,0.09993430638612572,0.10456531506182888,0.09004823783152081,0.0745834195667622,0.08566543136386554,0.086435586,0.08672771910558448,0.0525870473272642
2018-08-28,0.09664065141374113,0.09798231949787642,0.08849509953174087,0.07939517322261665,0.08895089815183109,0.08914341,0.08832890759606295,0.05620387801926633
2018-08-29,0.09795081701245134,0.10114087579868752,0.08711127196992415,0.07783060921408129,0.08628038882301609,0.08966331,0.08735393834984957,0.04695331800396668
2018-08-30,0.09744904785804684,0.10185883624128976,0.09115809487127163,0.08197108707912293,0.09125489451111451,0.09277763,0.09022500981609476,0.03818931199891755
2018-08-31,0.09438619139757129,0.0953198174179038,0.08948533078141416,0.08689880203270728,0.09160834564554374,0.09502708,0.09096444635860744,0.04048081457369966
2018-09-04,0.09199973558435241,0.0916180029702745,0.08872847452116284,0.084974089135282,0.09368572986472819,0.096628025,0.09021985152812086,0.046934231019859815
2018-09-05,0.0905847728244737,0.09043807047167012,0.08943190202410312,0.0767861447488219,0.09740423749713427,0.10051489,0.08825838502347662,0.042568761619897845
2018-09-06,0.09011019486788795,0.09054260860965199,0.09148204950772808,0.07669526557366224,0.10778761030888524,0.10884649,0.09153102358347848,0.050360821547557964
2018-09-07,0.0884806388564783,0.08825737414560178,0.09106134289897301,0.07139478689103784,0.11758725226227416,0.11837715,0.09248755933659676,0.04788093819155265
2018-09-10,0.08683695011437041,0.08588385582516056,0.08939896319451629,0.06526900569654422,0.10358900508832172,0.10383224,0.08523165363307879,0.060693097519894296
2018-09-11,0.08690148535857235,0.08630697115412322,0.0879163283756137,0.06343680722012492,0.09682038368695015,0.09833239,0.08238622542188247,0.06653155904347315
2018-09-12,0.08491145967204781,0.08222999789601743,0.08659618138750107,0.06496841769341415,0.096817129851137,0.09881081,0.08223233573886633,0.06707535172743878
2018-09-13,0.08648081836849354,0.08490928587223713,0.08477095102694636,0.06255043779865913,0.09125567976414009,0.09398931,0.08009564531043091,0.07857759527488346
2018-09-14,0.08442885367005376,0.08024299465460388,0.08371881341119174,0.06498301789488964,0.09390701223452536,0.09445361,0.08110629459982292,0.07859683418256334
2018-09-17,0.0872434981725747,0.08434064173269114,0.0912759193055811,0.0646433466347852,0.09514305903974403,0.09766746,0.08234330128236798,0.07232119049092661
2018-09-18,0.08927818225740751,0.0880380561713612,0.08951476552368368,0.06952869868712158,0.08919965215765552,0.09463908,0.08266884436739487,0.06221918979200827
2018-09-19,0.08715969757030355,0.08419714695272282,0.08794163398121446,0.07220197938469225,0.08289173631195924,0.08382309,0.08075113775565168,0.06587304526170082
2018-09-20,0.09369509389919459,0.09240533154985289,0.08653884211523956,0.0737399756747737,0.08224702519736579,0.07684091,0.08322736492377802,0.0406057239939922
2018-09-21,0.0909303762353007,0.08699446852735791,0.08532766817204955,0.07893664245150615,0.08142156836700436,0.080351524,0.0837628623512704,0.04052134648184116
2018-09-24,0.09018206165334984,0.08718304958906692,0.0876326892792488,0.08098911012311047,0.08901316282692755,0.09248101,0.08672811153446262,0.0410194569699419
2018-09-25,0.08799075536526635,0.08348539160390865,0.08673068052883276,0.07999280344110087,0.08898840312334255,0.09381289,0.0856573206432366,0.04005711952729329
2018-09-26,0.08736568775541861,0.08373162488579347,0.08841817806625177,0.07696405633629878,0.09360958816951712,0.096129015,0.08597977742041152,0.032908598962321095
2018-09-27,0.08633917262018563,0.08285970374273947,0.08696354052481818,0.07811967855852875,0.08983678218916968,0.09522171,0.08476521112262803,0.06395779836125567
2018-09-28,0.08429035112199085,0.07802130571530093,0.08566785873359578,0.06767665304758724,0.09086011621170251,0.09677962,0.08094237346042686,0.07509531114679083
2018-10-01,0.08446386587234908,0.07938498951722335,0.08451549550318235,0.06473667874554612,0.09120522076336629,0.10126399,0.08013525512708716,0.07057915150766927
2018-10-02,0.08263347027176836,0.07496809524871256,0.08353670977579856,0.062332769481615334,0.09145146254965855,0.10382764,0.07880590076768075,0.07123870406476411
2018-10-03,0.08105079740425646,0.07160834526055498,0.08262389046052576,0.06006038045306343,0.0854125441307281,0.09628776,0.07550790732934932,0.24764666449020883
2018-10-04,0.0896577790290401,0.0814760312482412,0.09940608494661836,0.05525398519726527,0.0978851899186737,0.10597783,0.08093231804832636,0.2823410853194201
2018-10-05,0.09163469614346295,0.0858969925943432,0.10405706561827176,0.0662113914149553,0.11559510758346082,0.11412254,0.09114706504729302,0.29697923920081565
2018-10-08,0.08907507830474433,0.0809965142378255,0.10104061829269165,0.07208648909906763,0.11230966695447439,0.1178357,0.09115707811942879,0.29992768669299485
2018-10-09,0.08704237058735499,0.07826740335421167,0.09876620094407096,0.07300570149925947,0.1142655331378854,0.12318858,0.09143786840816663,0.3356368578343666
2018-10-10,0.18860786227579787,0.1499330442475284,0.24932375894613668,0.07567128896252699,0.19671735364313936,0.2039368,0.15366550162715475,0.23743610454860634
2018-10-11,0.20666435040666614,0.17353325930384014,0.27510340395023775,0.14498252507505058,0.26007161803513174,0.29889446,0.20390616450561616,0.21257551961756668
2018-10-12,0.20746228052443655,0.18291718427198728,0.25896632181892565,0.17264322676552257,0.23017644857681918,0.20311074,0.2034273186222594,0.18752610500239858
2018-10-15,0.19790651896290232,0.17741764796629764,0.2473237087434651,0.1945265839882289,0.20286687442171378,0.21302046,0.19843332579094833,0.18529417915340576
2018-10-16,0.21533997329995086,0.19963645476798483,0.23310765314036708,0.21339168167226755,0.14653666778132418,0.17154698,0.19175610758451422,0.11435308103458197
2018-10-17,0.20296609268079596,0.1844577998057771,0.2198955137059149,0.2448876777898437,0.14739485093099894,0.15126044,0.19841620713387953,0.2502201198427554
2018-10-18,0.20493201061650862,0.19258896617657004,0.23034581500784324,0.21638134061666306,0.17175297311074067,0.16128384,0.1976887747813041,0.2630244064212783
2018-10-19,0.1933013730167189,0.1788239966272319,0.21733602716405745,0.20568113151907236,0.16178975926890438,0.1494466,0.18692408793489856,0.2908152042460204
2018-10-22,0.18378399631092038,0.17218459919950704,0.20736879982924566,0.19199312061590634,0.15821111811219357,0.15223509,0.1779960783463401,0.2929517198431214
2018-10-23,0.17588996645605692,0.16725196275931511,0.1996447929587543,0.1846999811071799,0.16280830920929462,0.15836643,0.17446608559084384,0.3105810334144039
2018-10-24,0.22942913896400635,0.20949500961534123,0.28673654815648336,0.14878033265056198,0.22619798939312838,0.28200215,0.20146915366923224,0.22977115769114817
2018-10-25,0.23522708666069622,0.22230902872051067,0.26980375014267843,0.19244639409415135,0.21303829813227132,0.22427346,0.213570592962373,0.20295523836330423
2018-10-26,0.23833205217251435,0.23143565867327653,0.2810793496210614,0.20175399975214883,0.24102612979457758,0.2119263,0.22703739390641356,0.16678240523129878
2018-10-29,0.2267828621687508,0.2222002109332329,0.2683832921249609,0.21938335398968234,0.26415499720633046,0.216247,0.23677373778825453,0.1649404327280044
2018-10-30,0.22751446592298305,0.22816407817677395,0.25270803972462336,0.22984708208953106,0.22171342508103364,0.20201811,0.22635832436451594,0.1303386041899482
2018-10-31,0.22107650978486654,0.22678668958426548,0.2381170410131685,0.25112284822074604,0.2285198160269666,0.19957945,0.2335730580108597,0.1825275375698897
2018-11-01,0.21491404969826847,0.22494863470447155,0.22454544727128295,0.22729709113129312,0.17218608113569675,0.15612656,0.20479907398841946,0.16755627586142355
2018-11-02,0.20506813852881706,0.21611257569306797,0.2163739394059259,0.21683136375942894,0.16848431383447954,0.1597526,0.19679460537424184,0.174229304526262
2018-11-05,0.19545623799918374,0.2068454215697197,0.20434388803714199,0.19894414992235998,0.1517021314844285,0.145697,0.18203417313532408,0.2207694046889958
2018-11-06,0.18715687035940293,0.20026342768010344,0.193180976769886,0.1908102914894621,0.14416739420319322,0.1431978,0.17404485201735276,0.21653557557779915
2018-11-07,0.20601998604251304,0.2181286946273965,0.18283384009449427,0.16881304180349702,0.12679395419891668,0.1226512,0.16720899401497558,0.16612279867766847
2018-11-08,0.19471522764637572,0.20424214453344117,0.1741147934421697,0.18252371831165995,0.12601351817233966,0.117141314,0.16775082137679176,0.18131646994136147
2018-11-09,0.18961739379991693,0.20261612517787653,0.1770153380106863,0.17661034459482597,0.1506050572609697,0.13450678,0.1722775985519042,0.1697637558858949
2018-11-12,0.205245022527345,0.21777722244480416,0.21665337440092214,0.17837423664542257,0.17454272520890102,0.15774262,0.1860539947938895,0.1518582644081095
2018-11-13,0.19372771708711775,0.20431979937279882,0.20485777869162278,0.19554045882791132,0.1686104216532027,0.16344915,0.18595953252274391,0.19965408369178436
2018-11-14,0.18621432432513235,0.198678595517165,0.20072421169434787,0.19923881600562476,0.18363293242395892,0.1975894,0.18969535758490533,0.1934397504035408
2018-11-15,0.18370691445283377,0.19985216782554552,0.18966522472979022,0.1815597367795976,0.1890093154070993,0.17771083,0.18475865554651025,0.18439570170726655
2018-11-16,0.1738286911140274,0.18678738435941114,0.1794363881286984,0.18549218562812234,0.15611859611531786,0.14378165,0.17181315761915586,0.21383687975237006
2018-11-19,0.18502463381461445,0.19973824155958492,0.2061096862597408,0.18101518003306113,0.16348585059604312,0.1695138,0.17650855481457292,0.17906495989095542
2018-11-20,0.19779340998167805,0.21280097197042408,0.2325355225478437,0.17035816931954906,0.19964048167522297,0.18322657,0.18926402032548337,0.2028678628969465
2018-11-21,0.18712647261491797,0.20092589755536217,0.2191477072321944,0.18376577822498757,0.19027271845599994,0.1985247,0.18705498976530185,0.20231344668076978
2018-11-23,0.17973870402460215,0.19485166743401616,0.21171570340880064,0.18381156266936352,0.20587440272763133,0.20138061,0.18980822314053233,0.20515466895292783
2018-11-26,0.18688452422305699,0.20409829309425057,0.19984315110531642,0.1820058744769563,0.16886829168733786,0.16848545,0.1792528967957837,0.18995706983625374
2018-11-27,0.17717092605942242,0.19207534678747035,0.18884985058570122,0.19348032800363352,0.15639718138997588,0.15339282,0.17568281181767728,0.30017239665422
2018-11-28,0.20314401618564965,0.21478832190334404,0.17868273521227704,0.18396234849458176,0.13545520214765863,0.13594389,0.17418718894263,0.25341202409044594
2018-11-29,0.19176548898655543,0.20045883278034327,0.16997091763468217,0.1904608425891897,0.1287561486178548,0.1280365,0.17032749339786665,0.30337928611856113
2018-11-30,0.18555084934044008,0.1977191744215876,0.16125612225629252,0.1899643636235707,0.12184660990864593,0.12039468,0.16578727429088558,0.2980901630473084
2018-12-03,0.1836355267393044,0.19958650243677106,0.15322934564989024,0.1911405878829456,0.1044526314344189,0.10620875,0.15974291535222296,0.28791644998453936
2018-12-04,0.24049137278180716,0.23979301647959228,0.2710685254289653,0.18454283215756737,0.1828798493417413,0.1666743,0.2026380180937053,0.17266724023786975
2018-12-06,0.22620650401099568,0.22207821534405614,0.2551619267248675,0.2269316360374973,0.2317177520995305,0.21230271,0.22828529738267447,0.1723340564967996
2018-12-07,0.24408262863699903,0.24194022877947421,0.29074050648393474,0.2171095349696923,0.23537051723781358,0.224891,0.23218756028150164,0.14266917265365042
2018-12-10,0.2295821330503099,0.22513273047074964,0.2732408083024052,0.24039578011079568,0.24083916629303082,0.21607484,0.23693902648471213,0.20593284894814773
2018-12-11,0.2159585530242516,0.2067949639341078,0.2569743301358426,0.2467648297915366,0.23813487729079605,0.22776291,0.23361942003552807,0.2059182174517572
2018-12-12,0.20515236080509783,0.19845302098246168,0.24184161890664455,0.25136102548111117,0.23682408363993956,0.20541954,0.23111248997538283,0.23035355685491626
2018-12-13,0.19330818550308432,0.18358194472054026,0.22778982383776775,0.20806878021880146,0.1770460954223999,0.1655374,0.19280768704809526,0.25651288391714133
2018-12-14,0.20682418311885659,0.20041614132856245,0.2530362023653428,0.20249567484465075,0.18734263923246958,0.18475693,0.19888749906532563,0.26247461916180237
2018-12-17,0.22197610971206955,0.21881827383170982,0.2792582746672961,0.18193915566175353,0.19029258409469785,0.19650511,0.19806928315617367,0.2911368119702171
2018-12-18,0.20889687273666366,0.20054244992584117,0.2625587067650166,0.19471791508921132,0.22793209788639204,0.22604445,0.21051562857075568,0.4503785014325466
2018-12-19,0.2118862343162566,0.21029025040490365,0.26950906848194967,0.1896049716267448,0.27148292183482914,0.22720434,0.22432470925927686,0.4408763281747483
2018-12-20,0.21517800945059506,0.21868700647239547,0.2764930069599489,0.20135761071796612,0.24548395894138425,0.36632437,0.22067319303664848,0.4262764511744187
2018-12-21,0.2283569552183306,0.23360870437101003,0.2974324363294919,0.21579751300329775,0.29497803935454314,0.34336722,0.24637750252539048,0.40435670592940887
2018-12-24,0.2559834623468004,0.25994724313601175,0.3384400042717921,0.2267842345121396,0.31692003198232377,0.30965185,0.2665625762804213,0.3542704498377362
2018-12-26,0.34340476214770327,0.3218345389058477,0.3176564435883477,0.24209651904639115,0.23911897032511825,0.24215138,0.2748734171730709,0.1977358229214885
2018-12-27,0.3246724931589538,0.30494305236026037,0.2982967394119682,0.30920416583704957,0.29330642911077043,0.29015076,0.3090610293689246,0.30475609603186693
2018-12-28,0.30441111045634933,0.27997928859096627,0.280405574443595,0.3231175733665158,0.2751426293079393,0.2995797,0.30089043771026813,0.30863927667086466
2018-12-31,0.2886840473704954,0.2686609009332905,0.2636258552258668,0.3323017008717416,0.23678989756479144,0.2753968,0.2859252152690095,0.3103963131568975
2019-01-02,0.2709342896925186,0.2470521180229248,0.24802331963351967,0.33753358736140204,0.1998912416867826,0.20320375,0.2694530395802344,0.3116213036094169
2019-01-03,0.2842851217385374,0.2660833076698376,0.2912795852162612,0.3282166740089769,0.208966701978592,0.21283232,0.2738228325753688,0.25779788024852796
2019-01-04,0.31686450026301133,0.2978447753782226,0.2737424284129198,0.2639537510820523,0.1713367336169031,0.18863691,0.2507183283206556,0.09497418531826128
2019-01-07,0.2991779207897528,0.2828566087142511,0.25742886877667476,0.2881021403603412,0.19380202966676222,0.18385994,0.2603606969389521,0.08922374340617353
2019-01-08,0.2848433390857538,0.2733825631879901,0.2422639889774655,0.28257404716122825,0.17358383663757837,0.16098116,0.24700040762818679,0.09487399455984637
2019-01-09,0.268087750188994,0.2556004829223711,0.22817775013612004,0.2768888861019718,0.17406631452262394,0.16325231,0.23968098360452994,0.0916864121671038
2019-01-10,0.2527422829436691,0.2401894593081218,0.21510463143377692,0.2749846314577389,0.16480200777973575,0.14760363,0.23084297406038123,0.10131475317289822
2019-01-11,0.237451798237044,0.2207415353278716,0.20298582884825436,0.2623210911383489,0.12483913091085246,0.11135024,0.20820400676208176,0.13750879348468104
2019-01-14,0.22484440305117254,0.21055744064192514,0.19522184791056246,0.1970151636921064,0.1321399306336726,0.13392735,0.1846664991256505,0.16659742776466757
2019-01-15,0.218343509999149,0.20993854226994776,0.18457432642138674,0.17849262444010844,0.1414004681006581,0.12858531,0.17941220084663853,0.14921980151296999
2019-01-16,0.20583562897352897,0.19669264487171254,0.17473211037642777,0.16490655952729602,0.12857949923250145,0.1262512,0.16644056257777548,0.14870616030240538
2019-01-17,0.19768506864244462,0.19219002974133315,0.16564649350831448,0.14832833198028558,0.12618930995108785,0.11720294,0.157400903524606,0.15110270802969297
2019-01-18,0.19784474771692256,0.19949849368216682,0.15727152518901832,0.14028560176089472,0.1075745377767323,0.10066214,0.14856829575151653,0.13158553029815945
2019-01-22,0.20055875122546296,0.2059776315783377,0.17997087970472625,0.15348527682217109,0.1395272628619681,0.13951987,0.16452376363653406,0.08470689975456215
2019-01-23,0.18934166910280326,0.1932023670853066,0.17058931852605522,0.1670258659311528,0.15762102235924288,0.14531666,0.1713295191310663,0.13758665060333297
2019-01-24,0.17877033138299614,0.1794963174463193,0.16192506277455643,0.1646178420141926,0.14153157076493852,0.13578108,0.16163991472070907,0.1500945658038685
2019-01-25,0.1742670167761017,0.1792512362207858,0.1539349855836779,0.16718364701906888,0.13075372470593968,0.13055068,0.1574014628337034,0.13772403980518771
2019-01-28,0.16952467717238023,0.17720934111741843,0.15636025207201956,0.17010123533215116,0.14085166904722993,0.14192407,0.1601591938505871,0.13468025420123989
2019-01-29,0.16050454250744836,0.16637496854529765,0.1491503290056889,0.162187802149495,0.1466162147332429,0.14611362,0.1564361864633954,0.1383612106739129
2019-01-30,0.17113117619230425,0.17904179562371955,0.14217890060726698,0.1388123488674537,0.1275539708022573,0.13105258,0.14583249862067174,0.08599356805245252
2019-01-31,0.16758598370251154,0.17866485094392787,0.13577813179727236,0.15079385498153217,0.11473413394030703,0.121421956,0.1443713242081169,0.09030957377652975
2019-02-01,0.1586110880216489,0.16564244213122092,0.12991218587080472,0.151794527821978,0.11232078339619457,0.11696112,0.14090879974660717,0.0902119026142638
2019-02-04,0.15416248734321825,0.16398138464027384,0.12454681254581672,0.14442214579930002,0.11204997025803769,0.118510336,0.13687820113351865,0.07658237928611537
2019-02-05,0.1481272439207536,0.15874945138889676,0.11964921447536148,0.1414470275905764,0.09265882054615068,0.10677866,0.1274110306858269,0.11410714915226583
2019-02-06,0.14109071037917129,0.15080061723473784,0.11621128366245465,0.14554777513167688,0.09197269388048054,0.11175492,0.12620372646377623,0.11502171660118164
2019-02-07,0.14246250233932217,0.15526152607438218,0.12953077336009663,0.12407677179973411,0.12720170794960914,0.13738903,0.13124699402955514,0.09555540393872881
2019-02-08,0.13547678790557657,0.14435614469539185,0.12419832585379828,0.1190993628974692,0.11428743168132274,0.121119656,0.12295452749478951,0.12250820196498913
2019-02-11,0.12907967881203594,0.13492725800694422,0.1193314670942023,0.11360115749987758,0.1128211309715448,0.12087907,0.11850065576115276,0.1228656813194886
2019-02-12,0.1393834449309432,0.14659201994691087,0.11489883444805718,0.10316990848619706,0.12081753533112664,0.11974451,0.12112362958275565,0.08358942150600317
2019-02-13,0.13349775162045185,0.1410776962020745,0.11087032696981312,0.11133543908806234,0.11394385803349229,0.11801346,0.11959234958066883,0.08459713808815848
2019-02-14,0.12793396740499077,0.13475883917791662,0.1087755974727262,0.11376917706964242,0.11861380742490707,0.12251016,0.12010565063318009,0.09412603485460137
2019-02-15,0.13398684998284005,0.14303973041366258,0.10532070092286587,0.10833543434868154,0.09733657054323276,0.1078458,0.11321961829158478,0.055096674538133494
2019-02-19,0.12789258875607504,0.13539795434392718,0.10219828797207685,0.1188947369316391,0.098339873812204,0.1071899,0.11504239983330604,0.05435180655559752
2019-02-20,0.1224255823056478,0.12805919262314014,0.09938247981217144,0.1224361524102027,0.08641604453662026,0.09762879,0.11042592641749026,0.05301092245608103
2019-02-21,0.1184749216257816,0.12472279560274839,0.09987772507995041,0.10839417578319402,0.09412481072125954,0.10107547,0.10699796937674505,0.05083981194160959
2019-02-22,0.11807570202424461,0.12601138102246914,0.09729385721444968,0.10610495388153783,0.0869119457084471,0.09939263,0.10369753387140984,0.053909259929446646
2019-02-25,0.11331095007484192,0.11971127850734405,0.0949726443204784,0.10812480053294686,0.0984141784430406,0.107105486,0.10661664301694312,0.05993110259341931
2019-02-26,0.10887889056873418,0.11272536131525449,0.09305219490067217,0.0908873333519205,0.1151405282023324,0.12120472,0.10496891737432902,0.060206516797458295
2019-02-27,0.10481942320890379,0.10556311137877232,0.09125062497699035,0.08508222516218172,0.09957664694918948,0.11095163,0.09649276510675835,0.0759552314660082
2019-02-28,0.1021294918640559,0.10348516222403052,0.09167315382847258,0.08160995721431506,0.09248160064213014,0.10662153,0.09207368324016703,0.09338472979921529
2019-03-01,0.10470010782259115,0.10844076391994735,0.08994097921382962,0.07785355118056876,0.09070064380910454,0.101869375,0.09108476760408817,0.08105768530611562
2019-03-04,0.10292279779024888,0.10722541055039125,0.09238863517971999,0.07575414875884387,0.09648172536296937,0.106309995,0.0917195573040207,0.1284220707715074
2019-03-05,0.09956063333833269,0.10193286916080452,0.09091726818527965,0.07708732827801197,0.10689218414499016,0.110845394,0.09451338192044495,0.12986886923628763
2019-03-06,0.10196398687124004,0.10625996164404591,0.10007123053096176,0.07663529707974162,0.10796291722440907,0.11490021,0.09552073372513024,0.13085858720409854
2019-03-07,0.10693251808483868,0.11272665275200718,0.11259937277619896,0.08227424284103596,0.11415334025608585,0.12315424,0.10112003372732016,0.11750301562693469
2019-03-08,0.10359135623480122,0.10830748017007194,0.10977895365039497,0.08994779149153088,0.11552052237364249,0.120872304,0.10301989003332486,0.12175235052190693
2019-03-11,0.124493019180555,0.12652036516457607,0.10622874528558103,0.08747555343926038,0.10291471450752215,0.11217501,0.10496109570911251,0.06949444739897889
2019-03-12,0.11993097826547162,0.1226819640080088,0.10301828166407018,0.10675726151551515,0.09641160290917808,0.10353974,0.10769994756338828,0.0662724600664739
2019-03-13,0.12012259344434745,0.12573474305985943,0.10012136276387594,0.11228461022099463,0.09213147189201233,0.10205817,0.10817955851911813,0.04912140407566536
2019-03-14,0.11508648910111484,0.11814620716309861,0.09769743630791185,0.11669345271196976,0.0917962548240644,0.10271394,0.107858732212383,0.09081325704228896
2019-03-15,0.11328520123329494,0.11780985852841203,0.09533488055919749,0.1147228669910158,0.08915341534061587,0.09747964,0.10572049452164221,0.15967734565217234
2019-03-18,0.11040046898413096,0.11584223081852596,0.0932160936364559,0.11881538534318312,0.08979798339559109,0.09799011,0.10633794590763505,0.15761575012559478
2019-03-19,0.10616449671912999,0.10804805831111873,0.09132410891846014,0.09867360755793066,0.1021816909483382,0.104200795,0.10233993174179962,0.16560049863657844
2019-03-20,0.10342067280254585,0.10545113518302367,0.09191629549730276,0.09312660678135674,0.09966001404916056,0.10296996,0.09873576454435438,0.16756339901690334
2019-03-21,0.11397852889252595,0.11716395983939132,0.09015809909767677,0.08171706241170709,0.09362799594593686,0.09936849,0.09644119575005665,0.15117010029759
2019-03-22,0.14659721144915272,0.14310466869014163,0.15928475991802304,0.09212464498478118,0.1225507322290863,0.13365334,0.12042419622100674,0.08140499383223296
2019-03-25,0.13929423997213916,0.13517642898441218,0.15161363524265783,0.11616201710265844,0.11997091556724071,0.12723006,0.12514239088067944,0.11514863938371088
2019-03-26,0.13768328146259956,0.13668392843273094,0.14477864256137424,0.12222140273237608,0.11558736213556346,0.11889599,0.12516401544351305,0.10333230279482711
2019-03-27,0.13309569319364978,0.13455955630300942,0.1418438080927379,0.13203840690594434,0.12115718166829323,0.12180735,0.12876376058929578,0.09908330991329803
2019-03-28,0.12807123469589096,0.1301830049304056,0.13543618145447686,0.1417537169168535,0.10837889144700139,0.11100996,0.12606794768658194,0.09689695906125717
2019-03-29,0.12692122999407063,0.13210509676403764,0.12957284888085055,0.1418838535474436,0.09669970323224257,0.10271423,0.1218349289245856,0.09053769412437039
2019-04-01,0.13472129112404047,0.14156811296392843,0.1242183589883246,0.11594204977256324,0.09077054373252379,0.09742528,0.11381129487637583,0.0398041252918885
2019-04-02,0.12822991908326714,0.13171175297584375,0.11933876929501334,0.12389481848703218,0.09241261208910784,0.10033661,0.11484578321980239,0.05874626912409404
2019-04-03,0.12280185329387817,0.12552632405338432,0.11490153875061461,0.1166665063956401,0.09788220872230258,0.10700978,0.11245018947060693,0.061858749391579086
2019-04-04,0.11785041883260694,0.11994358033890568,0.11087544926339854,0.11118929466600498,0.09319396155117964,0.100860424,0.10741122501659718,0.060066716110069716
2019-04-05,0.11533339562130608,0.11869525044449075,0.10723055485217939,0.10726193020997446,0.08709528879093344,0.09954509,0.10323020487407132,0.06867864464256425
2019-04-08,0.1107133115442903,0.11228388138272116,0.10393815571495717,0.10611491401892865,0.08889497519325708,0.09870052,0.101907733585492,0.06842143594890035
2019-04-09,0.1108841849960599,0.11456775778762454,0.10942781434089933,0.08524438543016052,0.10546336327609648,0.10348101,0.10053064456743897,0.05317697993130215
2019-04-10,0.10803158138477943,0.11269422533185108,0.10592203946583338,0.08771042699454931,0.09236136128981401,0.09966873,0.09603445655638092,0.049814251947508166
2019-04-11,0.10397531896211776,0.10530338829911721,0.10275803493367273,0.08545571409689136,0.08948022521749795,0.10123185,0.09297041942550237,0.05105744138128236
2019-04-12,0.10585408876722115,0.10905201118376842,0.09990882256749785,0.08171969220448443,0.08705318470861338,0.10117871,0.09154232189343965,0.02170854328044049
2019-04-15,0.1020607813609713,0.10267575629119642,0.09744643145805167,0.08219658130417673,0.09329969239874056,0.112194374,0.09251901835462954,0.06600262440626611
2019-04-16,0.09862661104025831,0.09656238694007448,0.09514073848429777,0.08353639583755339,0.09280273817146695,0.10608245,0.09165524834975956,0.06771943275038904
2019-04-17,0.09621655748480133,0.09434399777749468,0.09440527550644222,0.07787091106714271,0.09260906365659777,0.099678546,0.08889884406951394,0.06581498920419555
2019-04-18,0.0936941123836897,0.09064619599954282,0.09242022185005652,0.07584692497742752,0.09193805920944671,0.09686044,0.08715969885685465,0.07285159093180675
2019-04-22,0.09123367152621276,0.08650679746850366,0.09064854868620438,0.0754577407077148,0.08748559100556523,0.09530222,0.08472566774649759,0.0728943972471088
2019-04-23,0.09969833963956347,0.09693743119309735,0.08907023297307544,0.06319381757690205,0.08489535989213332,0.09213912,0.08259583903619962,0.03813279050370827
2019-04-24,0.09712218830243236,0.09389143170992853,0.0889759282793749,0.07609034577376582,0.08835658080175463,0.096444435,0.0871897049593176,0.06379285970560464
2019-04-25,0.0941746853145853,0.08848787287571237,0.0876201641428678,0.07663436563600373,0.09760466663064411,0.10036581,0.08947123919374438,0.06550205389312903
2019-04-26,0.09460460752061049,0.09050543319286886,0.08637917082767904,0.07759152802442196,0.08602553440573901,0.091149114,0.08607388998359049,0.0884677949256694
2019-04-29,0.09206450859906315,0.08693090264181812,0.08527904614777418,0.08011963343707514,0.0853302360118635,0.08925022,0.0858381260160006,0.09370566249436114
2019-04-30,0.08976254311186609,0.08305142965281545,0.08430515461466159,0.08219241985296671,0.09215630914834004,0.09582417,0.08803709070439096,0.15068618921329785
2019-05-01,0.09571684962923906,0.09080962207424301,0.09842323477823622,0.06828324522094151,0.11725976831360407,0.1140406,0.09375328772126156,0.14134487316278085
2019-05-02,0.09353426964827165,0.0888372854493308,0.09714046245788648,0.07596526085311629,0.11696057109895967,0.106750056,0.09548670053344921,0.14216896654979932
2019-05-03,0.1033997370263648,0.10051418445623453,0.09486670105695573,0.07594404611426964,0.09248493579809396,0.09233421,0.09060957297957613,0.12755291647607203
2019-05-06,0.10241015910321855,0.1010822514261505,0.0978901831693374,0.08398561554442104,0.11535950320030512,0.111354575,0.10058509261598157,0.2129061329233322
2019-05-07,0.13067544637268402,0.12522596454423376,0.1498146117501532,0.0868406226732263,0.1554126389391436,0.16459689,0.1243095693283513,0.18593161924492585
2019-05-08,0.12480958759937082,0.11901859662700268,0.1431785937210633,0.11224499313408573,0.14744077492666385,0.1492547,0.12816511855337348,0.19012836939540576
2019-05-09,0.12019855931100382,0.11540251615258024,0.13825904348029686,0.11453492942891771,0.1645812001397187,0.13405764,0.1331048962932134,0.19909814363709857
2019-05-10,0.11656552715975366,0.11328695614400779,0.13215449816493868,0.1205484414469796,0.13738279409576049,0.13653362,0.1248322542341646,0.20167429635602355
2019-05-13,0.1678558165829001,0.15195168097054423,0.21138613115210794,0.11904246435323716,0.16820925416247687,0.21854052,0.15170251169953805,0.1136343276465142
2019-05-14,0.16381476097705952,0.15394155418416425,0.19956457830641636,0.15488101305502386,0.16133794557387326,0.18089966,0.1600112398686522,0.1153569468513104
2019-05-15,0.15774927294452826,0.15199104831192425,0.1886195740315156,0.14985972259956984,0.12956613166765343,0.124742635,0.14572504240391718,0.10955398729223491
2019-05-16,0.1560802566683755,0.15486035612360935,0.17849824013425797,0.15546258732711152,0.11350304048565125,0.108145215,0.14168196149371276,0.1236511616246339
2019-05-17,0.15081113811456917,0.1522093437515896,0.17394979857134232,0.1631675551013774,0.11865039661917842,0.12008292,0.14420969661170832,0.11685201060658428
2019-05-20,0.14711645606672408,0.15193347114324657,0.17150296950090074,0.17008528954025884,0.12831444799460848,0.13188589,0.14850539786719713,0.12209985550606385
2019-05-21,0.14616011563198741,0.15417197201207164,0.16269840147820527,0.13695042217484352,0.10897598616769472,0.10846065,0.13069550799150856,0.11715713686542287
2019-05-22,0.13945016082505918,0.14685139453091747,0.15582582151874208,0.13393183743924159,0.11293636538582916,0.12761304,0.12877278788337665,0.11637903732630575
2019-05-23,0.14611542663932678,0.15614620651563688,0.1699532782184495,0.12818712180970307,0.12427285455331567,0.13236254,0.1328584676674485,0.12327421133162265
2019-05-24,0.1388259681606527,0.14597046187277724,0.16126994455208965,0.12871327229138865,0.13780252976679663,0.14129724,0.13511392340627934,0.12446192903054841
2019-05-28,0.1388535537970016,0.15016565030308718,0.16398528854809424,0.12197374586376368,0.1473574223819127,0.14355697,0.136061574014226,0.18598310099695944
2019-05-29,0.13664359689299516,0.14955091189427414,0.1628433441610541,0.12475961500844214,0.13904111992098045,0.15489155,0.1334814439408059,0.18840214759878401
2019-05-30,0.1304065822721388,0.1419996859135632,0.15469492910477808,0.12379014553216589,0.14604461613102862,0.14594713,0.13341378131177778,0.19276837605922093
2019-05-31,0.1417655326338041,0.15361785751392848,0.17362767268952412,0.12443198523340304,0.1409312733969282,0.14324668,0.13570959708804511,0.18374793987877677
2019-06-03,0.1353908684725481,0.14667905261418857,0.16574282822032974,0.12751952546082082,0.1497594390890833,0.15610445,0.13755661100748406,0.1856509066997876
2019-06-04,0.1686876695617249,0.17268303913520403,0.15736357922582822,0.1290180767455353,0.13251761117160576,0.112011686,0.14340778582628866,0.10866456362363908
2019-06-05,0.16471267415075985,0.17287758244934925,0.14965555844857759,0.15364489673307574,0.11708008542900478,0.11087758,0.14514588543761345,0.09320633602939349
2019-06-06,0.1588184522809571,0.16892926414074158,0.14257712428591765,0.15980832290148217,0.11156199724481379,0.11096545,0.14339625747575102,0.08743200863916364
2019-06-07,0.15955176756212586,0.17278586348676886,0.13608868946606673,0.16688873203520452,0.12008016345224218,0.12644972,0.1488402210165242,0.04773930862654842
2019-06-10,0.15281722928586186,0.16606104145184777,0.13015252378485273,0.16805384819950617,0.10053910051951231,0.09695469,0.14047005933496012,0.035119047326771506
2019-06-11,0.14477282367512948,0.15405000411368758,0.12475616731495284,0.17283828344376728,0.10435610704344539,0.11504242,0.14065573805411405,0.07707464788311126
2019-06-12,0.13779170554355583,0.1454654261076244,0.12064709832610283,0.14346102181121526,0.10885688554418978,0.117766194,0.13003653763298695,0.07860416376455488
2019-06-13,0.1326824693902168,0.14166538253758965,0.11607935695159992,0.13244468624701422,0.10142826330743139,0.09149191,0.1221851396482208,0.09907302977674506
2019-06-14,0.1266176799651727,0.13411071900346133,0.11249104666150661,0.12288074942834601,0.09644458949260816,0.09525139,0.11531433962870896,0.09881489654496506
2019-06-17,0.12091529416071778,0.1255299063488761,0.1086845931514422,0.1006012715267183,0.09917029558858563,0.0992326,0.10689562042534057,0.09935845736563312
2019-06-18,0.12585096076430546,0.13291169269154474,0.10524469781967948,0.08581846770722262,0.09162605871419674,0.0933062,0.10109849572857495,0.0987292741066538
2019-06-19,0.12109444666016761,0.12793376095578485,0.10214306770044658,0.09583863771797778,0.08329244734838515,0.08858652,0.10007517724217685,0.0968324094862177
2019-06-20,0.12551400733587387,0.13508029374690836,0.09935267764696143,0.09409440277409802,0.08060277388893461,0.07796725,0.10007039466630217,0.07503899069395481
2019-06-21,0.119990961241754,0.12701487768187372,0.0972408182444968,0.1011096729715319,0.08945511976500556,0.08122975,0.10351858465943048,0.08492312431159499
2019-06-24,0.1151415832782721,0.12071911503269811,0.09571288320434983,0.10393456359764491,0.09184430871370665,0.0831858,0.1036401518632079,0.1000232791834983
2019-06-25,0.12078718601955978,0.12882275422858366,0.1146011124112192,0.10787795223545599,0.10653001905928204,0.10690548,0.11173171910476594,0.07646455234429972
2019-06-26,0.11569375126624068,0.12115699769006241,0.11092536041880216,0.1087155875533316,0.12031308050346792,0.1120579,0.11490747310768007,0.09334991501503032
2019-06-27,0.11261796781845837,0.11891257522080009,0.10726874218804601,0.10899894485669274,0.12020661235318963,0.121992394,0.11394117500944693,0.09024964757519346
2019-06-28,0.11206331757585465,0.11971587891328786,0.10396723383474389,0.10014233179260759,0.12284795001644422,0.115926296,0.11168453312830216,0.08756738665326294
2019-07-01,0.11454887555718445,0.12471233447824787,0.10099304707244677,0.1020749743655259,0.11027169231686333,0.10047511,0.10896518074652456,0.06928826982597532
2019-07-02,0.11088413147019038,0.12062534941835626,0.09831966767272425,0.10670997138622318,0.10252495391145068,0.10068801,0.10670635225595475,0.0734223994612235
2019-07-03,0.11354801488597908,0.12449692950644783,0.09592187772721551,0.09740498881030175,0.08612944163555017,0.085816376,0.09902748177727701,0.05205034257505437
2019-07-05,0.1093512842780633,0.11900468480208079,0.09460907930746304,0.10219237075365721,0.09484292835269116,0.10505055,0.10212886112813722,0.06012870979722396
2019-07-08,0.108068607797135,0.11898327996877128,0.0985096257072742,0.10108536923537835,0.08751366615874503,0.07865583,0.09888921439708613,0.04932411169399774
2019-07-09,0.10419774530608772,0.1123588515499033,0.09609208270340153,0.09929517233497655,0.09895004735290701,0.09711035,0.10081432166465709,0.054238467392302384
2019-07-10,0.10313850209356473,0.11213695470256342,0.09392797400220453,0.0903092431358981,0.09481484070840664,0.0959786,0.09608752864595649,0.06391407861490994
2019-07-11,0.10024959216913917,0.10824401200060059,0.09199465319635917,0.09022644506825667,0.09746095104303312,0.100998245,0.09597899609347632,0.06683387319003578
2019-07-12,0.09981332660919646,0.10835041476544748,0.09027084331014561,0.07951355753613626,0.08765844210556967,0.095745936,0.0889951087503008,0.07301154080298204
2019-07-15,0.09657773332690839,0.10112206854519712,0.08873664931549383,0.07971619197739625,0.09169080436779685,0.086083286,0.08932824322403383,0.07570511905138555
2019-07-16,0.09529535910739391,0.09989616026375271,0.09051356853532083,0.07350930411782676,0.0882455018982364,0.09211235,0.08568338837448569,0.08655880676632141
2019-07-17,0.09845522921693885,0.10472468623500913,0.09987789149296793,0.07379037775626893,0.11706665333951802,0.10264355,0.09643742010424193,0.08019312880269645
2019-07-18,0.09710722426753493,0.10381558675915084,0.09731884791765001,0.07645115465127528,0.10045539289551556,0.10219424,0.09133792393810858,0.08479198045679501
2019-07-19,0.09937918877774264,0.10720484306703165,0.10428022506272436,0.07861441494069425,0.10198939918000655,0.10389541,0.09332766763281448,0.08936116245122727
2019-07-22,0.09727177895762702,0.10433625728367849,0.1012747185406287,0.08130164751818765,0.09212974868752448,0.09813134,0.09023439172111304,0.08783580081197682
2019-07-23,0.10059704158672514,0.10906412839375629,0.09857259662136392,0.08371609134922395,0.08410836428360971,0.093378365,0.08947383240651959,0.07552517169719074
2019-07-24,0.1001992048045574,0.10930360313499941,0.09614851139834318,0.0889640859531147,0.0884478009356501,0.0920902,0.09253703056444074,0.10314694013625242
2019-07-25,0.10063693461995929,0.11050787891942053,0.10084424008036497,0.08773218585922804,0.0984787293597673,0.09891819,0.09561594994631821,0.11556179500736107
2019-07-26,0.10439764077800373,0.11555309566255788,0.09818606745491174,0.09011229046294243,0.08232947490190938,0.09451957,0.0922798020476185,0.11539805905814243
2019-07-29,0.10103713696157136,0.1097929684479606,0.09645597041099918,0.0924426064303343,0.08843482895638304,0.08921381,0.09397152411609623,0.24340009078537722
2019-07-30,0.09856859518142322,0.10747125997648337,0.09593761241425856,0.09259531335457434,0.10106916686422829,0.09716265,0.0974110251334086,0.25949502062507446
2019-07-31,0.11055689869534287,0.11853377028594358,0.12057711852197425,0.08766479083427342,0.13226264341707183,0.13997868,0.1101614443155627,0.2476479081861548
2019-08-01,0.11592247896420524,0.1258388543706043,0.1318898480436984,0.09802974071698971,0.13838713321552948,0.14955841,0.11744645096557482,0.2731774285899304
2019-08-02,0.11724649776746934,0.1286238054815093,0.13610241873024312,0.10399266222230588,0.13940866250313574,0.13826527,0.12021594083097031,0.2723129686459882
2019-08-05,0.1916162395366743,0.17825617032351398,0.24709289099643106,0.10592460003952503,0.2923104987340421,0.34623134,0.19661711277008045,0.18930763177533866
2019-08-06,0.192251663882741,0.18475508323446996,0.23254986079365822,0.15761836224246012,0.21791767875429355,0.21591178,0.18926256829316487,0.19691387800539337
2019-08-07,0.1810382765541091,0.17183694818314665,0.21905856503979582,0.1756019694410758,0.17108480987901575,0.18658705,0.17590835195806687,0.2886064938014701
2019-08-08,0.1955551493003373,0.18970442354696299,0.20655472451570453,0.18222955204764518,0.12414076911028296,0.12636527,0.16730849015275515,0.25726301021363296
2019-08-09,0.1871747535249789,0.18488683285229335,0.20036061531655128,0.20201823415657155,0.1344671103511266,0.13183184,0.17455336601089236,0.2725851094344445
2019-08-12,0.18745596128098702,0.18960905087378394,0.2079221195424196,0.2133091001285936,0.18638754459826865,0.19098952,0.1957175353359498,0.2717694955240308
2019-08-13,0.19268990121394336,0.1992178575989895,0.1962435014286039,0.18515355977521467,0.1494877841233251,0.17355742,0.17577708170416106,0.2562679769338238
2019-08-14,0.23712175280774683,0.23420238122143197,0.27760806592943,0.1853265117733144,0.19310520274912177,0.20027901,0.205184489110061,0.15660350723767139
2019-08-15,0.22281343209233248,0.21874630306514775,0.2608921240900484,0.21958143103701405,0.1939703384755549,0.21169245,0.21212173386830047,0.15566716310402673
2019-08-16,0.22177744959182558,0.2239829207561576,0.2453614053272487,0.21087402627721624,0.16296542785874515,0.13856983,0.19853896790926231,0.22073606760842018
2019-08-19,0.21723948639065674,0.22368379914544634,0.2309429761051584,0.2180506343654253,0.10637690268393965,0.10515883,0.18055567448000723,0.21780742010446008
2019-08-20,0.20810798349199103,0.21727790757290674,0.22446571381637098,0.22496794880374554,0.1229907550083984,0.11436726,0.18535556243471166,0.2116045420080293
2019-08-21,0.20012633164050783,0.211776460651126,0.2115646165585195,0.22559077019186127,0.12658141501128262,0.121942095,0.18409950561455057,0.2086195168377919
2019-08-22,0.18827825029879236,0.1956974487894011,0.1996459677745237,0.1868538103538742,0.1372251325861672,0.12560663,0.17078573107961126,0.22698061229494118
2019-08-23,0.2228922685182139,0.22455658318236082,0.2625533663913055,0.18123250469172958,0.15620167240246174,0.17247334,0.18677548187080173,0.12926447068176344
2019-08-26,0.2166818684740754,0.22288644524521456,0.2469043406952637,0.2003791133228195,0.17078959278647168,0.15362887,0.1959501915277889,0.11450516220576826
2019-08-27,0.20421674508688714,0.20975345718092925,0.23344181147238088,0.19767332746030675,0.18372802388109935,0.19503337,0.1952060321427644,0.13584402982037214
2019-08-28,0.19493821236570233,0.20196147745729792,0.2198856546561264,0.19436391387606936,0.1531805578582579,0.16272885,0.18082756136667652,0.15725501546807263
2019-08-29,0.19456669394660636,0.2058037833623475,0.20732091181464457,0.19784803447897775,0.12819016660853577,0.1443116,0.1735349650113733,0.12945996876747784
2019-08-30,0.18316034381162224,0.18928029517539574,0.19568713540434365,0.2096169803274101,0.1402619273530859,0.14710051,0.17767975049737275,0.12938129046006355
2019-09-03,0.17624063892295944,0.18591478040306572,0.19108210589891436,0.17332613715234085,0.14750127029977755,0.15396515,0.16568934879169261,0.11970454484584958
2019-09-04,0.1752291551127264,0.18850491747827136,0.18067243562887841,0.16243512328391635,0.12381880703892406,0.13703866,0.15382769514518893,0.1052788104400348
2019-09-05,0.17814791544280328,0.1937115280863597,0.1710624959435137,0.16491751269472316,0.09725837869922416,0.10470877,0.14677460227891687,0.055492587001544524
2019-09-06,0.1680647083164598,0.18008572657118688,0.1622034253197522,0.16771637226518463,0.10225805728578141,0.097171746,0.14601304595580863,0.05535468688030042
2019-09-09,0.15872401827163504,0.16638907039771783,0.15405048628894552,0.15161076003436819,0.10399695582372577,0.11892017,0.138110578043243,0.059672289075925276
2019-09-10,0.1501523144284464,0.15356867558055592,0.14655714886573254,0.15029861752196072,0.11746098355508765,0.10881704,0.13930397183516494,0.062374845848609445
2019-09-11,0.14701533119133184,0.15369757009346885,0.1396835072517864,0.14585032233308076,0.08349386325387413,0.086050555,0.1254531722594289,0.035792964738157004
2019-09-12,0.1401895021256578,0.14671336749900793,0.13339016605286516,0.13760189556212052,0.07422828744803958,0.0734331,0.11733989504527265,0.029403472855608515
2019-09-13,0.13321730451211786,0.13661696864436607,0.12773884377632022,0.11420131539012718,0.07416762495197103,0.06159,0.10719541495140535,0.045298527402559866
2019-09-16,0.12782107179595117,0.13141418873767624,0.12441495962059447,0.10817402665566321,0.06485242940048687,0.064686395,0.10028250928403375,0.03943785010065838
2019-09-17,0.12259875307017236,0.1258399201833225,0.11946044200508162,0.10287192435762975,0.06306736217165237,0.06951384,0.09617934653315151,0.06943090924443861
2019-09-18,0.11714410684574046,0.11776641889047378,0.11495829195353871,0.09816906371059096,0.06466206628148817,0.07548368,0.09332507894593987,0.08194265896696125
2019-09-19,0.11217979666576605,0.1097943540514929,0.11087637103374628,0.08295904333860646,0.0653163821377642,0.068776846,0.08681840738071223,0.08374153496873342
2019-09-20,0.11059551117271045,0.11030117060940667,0.11247785079365827,0.07671210518178159,0.08694444009419619,0.07689418,0.09141735214956274,0.08503458239529822
2019-09-23,0.10625319633848257,0.10265934277491037,0.10863364157713994,0.0788612784229881,0.08412564524980128,0.09957502,0.08974670667042399,0.09223916056703382
2019-09-24,0.11116101659271158,0.11050387080114656,0.12044735144837579,0.0745029631736439,0.10428794320913137,0.110012665,0.09665064099182896,0.11213861544274314
2019-09-25,0.11132360235828301,0.11310463699097738,0.1158542859431544,0.08352836122700227,0.10832705316689689,0.095910504,0.10105967225072739,0.1646927107994763
2019-09-26,0.10763740459136661,0.10911101565361093,0.11295908891870306,0.08875372980978141,0.09451960515532508,0.10021355,0.09697024651882437,0.17321450554882084
2019-09-27,0.10713881092403316,0.11070717296150491,0.11518477728914699,0.09111091480520378,0.110817390930474,0.11267038,0.10302237221990364,0.19650715985114506
2019-09-30,0.10632452461861439,0.11108398086407326,0.1110814921448216,0.09251533713819395,0.10071229141275297,0.11476744,0.0998507177231871,0.19583853331180448
2019-10-01,0.12041181348413271,0.1261380226448464,0.13738106904955838,0.09669471304377224,0.1437905538235446,0.15217875,0.12029902678381653,0.20756156617664115
2019-10-02,0.14918801608432758,0.14994796003735048,0.18357005183988284,0.10432769648299123,0.18876424124829677,0.1830993,0.14742665127187185,0.1754233260500307
2019-10-03,0.14713852227799662,0.15206470571265826,0.1734065287083497,0.12639503259531862,0.16827843032463158,0.16622539,0.14727066173264894,0.17221205559233824
2019-10-04,0.1576609335778645,0.16432835197651985,0.16406573311544656,0.1351039532678367,0.12748798421673777,0.1417404,0.1400842903541463,0.15993344291311043
2019-10-07,0.15072433947583908,0.15890848317069964,0.15870541933751967,0.14985225823313514,0.12135031940173681,0.12563905,0.14064230570357034,0.15703659439068307
2019-10-08,0.1644897702728851,0.17313510585127329,0.187057311601822,0.1562609722824167,0.1521652181906481,0.16169095,0.15763865358198328,0.1311875404427929
2019-10-09,0.16221539803303958,0.1748685722088477,0.1766147570319005,0.16655708285353404,0.1449283529536699,0.1437146,0.15790027794674785,0.11520441721697328
2019-10-10,0.1566625361255335,0.17101136127737568,0.1670126429872647,0.1574734129593649,0.13054932227312338,0.14083475,0.14822842378600726,0.10767740059427927
2019-10-11,0.15854688441358247,0.17548714139060798,0.15819751777702354,0.15696582548157711,0.11950632020291753,0.11542585,0.1450063433660257,0.08003790901078672
2019-10-14,0.14986846801859774,0.16292765675792276,0.15043993027462327,0.1514670293896578,0.10443813342439337,0.101369135,0.13525787694421632,0.0931265249037752
2019-10-15,0.1509514262922153,0.16687402161164033,0.14302259710302254,0.14933417778263758,0.09561324931556872,0.108308464,0.1319662844634739,0.06611030802875828
2019-10-16,0.14314096078247812,0.1566132497009475,0.1369848246530757,0.13736601556099576,0.08485459314849397,0.08153786,0.12178718983065595,0.06764655535875187
2019-10-17,0.1364050016605447,0.14934349020674154,0.13074932622122354,0.12928275716511375,0.08457276735784487,0.085284054,0.11675350872783445,0.06616589808181134
2019-10-18,0.13113204563143854,0.14463398684794573,0.12812900252321943,0.12352088677162057,0.08935366841770252,0.08252395,0.11466886694025387,0.06658273192563112
2019-10-21,0.12977108554780828,0.1446861408538598,0.1227009849922606,0.11042646407952657,0.08011008462624945,0.09207835,0.10676921141786144,0.06025758949248735
2019-10-22,0.12489926644490104,0.1395028079730981,0.12046794400082582,0.11146547307805746,0.08829201289256891,0.09362624,0.10821891747184247,0.05497060143343613
2019-10-23,0.12000302109912568,0.1334673607531254,0.11576190798692453,0.09919975160517679,0.10350660963092202,0.09144297,0.1075697941117415,0.056090071913364764
2019-10-24,0.11508959220653142,0.12714592476974043,0.11151201134188238,0.09715155554305435,0.077033234033643,0.084837444,0.09642479392774293,0.05850219607818845
2019-10-25,0.11225259577148015,0.12435528452665587,0.10768346123209477,0.09416050269197693,0.08098929012756607,0.087353595,0.09580079619700772,0.08514817803879726
2019-10-28,0.11153557149291192,0.12468526689807159,0.10424298384491117,0.09331995699989942,0.06867943336540913,0.074159004,0.09117832061940682,0.07986145812418911
2019-10-29,0.10710883691487867,0.11735978046860446,0.10133029115866111,0.08908283702653018,0.08034999239092458,0.08926854,0.09218055544411113,0.08008646516503704
2019-10-30,0.1044375442974206,0.11401749018175121,0.09855390434743982,0.08640443105622955,0.09093037449344354,0.08604957,0.0939241166156979,0.07685683240939956
2019-10-31,0.10189075365265288,0.11107606030468138,0.09843577693582495,0.08567367352738184,0.09257369469658987,0.08798513,0.09337937395887486,0.07628673965544437
2019-11-01,0.11049795708199879,0.1199141849238285,0.09597129037425794,0.08573109466663538,0.08042448143311785,0.078645945,0.09221784439391734,0.038587638426305526
2019-11-04,0.10783749064418681,0.11807737449410384,0.09377748821419343,0.0944880943469701,0.08615179458452663,0.07965409,0.09615912652522784,0.031536370561453315
2019-11-05,0.10388422989990884,0.11160784452422291,0.09221181872828926,0.09291760300119198,0.08679630593928246,0.083188415,0.09453271294679444,0.03235420244442544
2019-11-06,0.10022356255496356,0.10452079684629778,0.09044082324695543,0.09318392476640866,0.08831925423162713,0.08460246,0.0939089138509998,0.03236414375395571
2019-11-07,0.09792956886543996,0.10231343184994418,0.08887347160058721,0.09205899735351945,0.08942430321376425,0.0891128,0.09313762314424123,0.026609983124254246
2019-11-08,0.0957787431846783,0.09993975014574558,0.08748890657769225,0.09147597763047792,0.08885307855008522,0.08555266,0.09203593312174714,0.05779590465878663
2019-11-11,0.09349155810713906,0.09622064888098944,0.08738053636192003,0.07514766438643111,0.08784034717485437,0.09013399,0.08549318988947485,0.056201722187661764
2019-11-12,0.0912602959663777,0.09247935778340077,0.08617242498997113,0.06849794411568305,0.0882717980960256,0.08392551,0.08267667939269545,0.05525532199757631
2019-11-13,0.0889926731590997,0.0876536002595644,0.08510885260478147,0.06454982831198933,0.09286848617452467,0.08815829,0.08213699588187123,0.06116716399271181
2019-11-14,0.08701931360659733,0.0832415821856897,0.0841738727584656,0.06056514426884705,0.0883585177729727,0.087080024,0.07864765854947237,0.06190796876583212
2019-11-15,0.09414378873270762,0.09176796711088459,0.08335301422165048,0.05464928379985707,0.08195562999771981,0.077159025,0.07691623417676151,0.033295366710013784
2019-11-18,0.09150964001792569,0.08644643014266969,0.08263320276254559,0.06514315802137699,0.08391447740767642,0.08373445,0.08018909181565971,0.06257127599320084
2019-11-19,0.08918958281429325,0.0821611262501308,0.08210987482254266,0.06551498237209556,0.08574294335882184,0.08568414,0.08014916951507021,0.06434188009912495
2019-11-20,0.08928230111911457,0.0837384072640636,0.08578231467973313,0.06628470392390283,0.08974963073183959,0.08783667,0.08177221192495232,0.06557985023588489
2019-11-21,0.08755828811760973,0.08102645469648914,0.08550356380977518,0.06952078285314395,0.08893774571718428,0.08949381,0.08200560556264598,0.07062899063021359
2019-11-22,0.08639428491786184,0.07948412131256838,0.08452071093634382,0.07178660043148835,0.09126658180445171,0.0854117,0.08314915571793396,0.09239994551470723
2019-11-25,0.09323124172549166,0.08836174255903229,0.0836573986497519,0.06079616977416216,0.0847758544798173,0.084862016,0.07960108865982371,0.08918568984082365
2019-11-26,0.09138542598696038,0.08630583346459927,0.08290002298857567,0.07051575212709651,0.07880980158783171,0.080871455,0.08023699323396287,0.09856147497440092
2019-11-27,0.09165604288130598,0.08791676892880394,0.08223632484338732,0.0715927251754086,0.07559607974854704,0.069266506,0.07961494926842054,0.09462041731327961
2019-11-29,0.09171006954848496,0.08936324217195164,0.08646632687487436,0.07230753302086959,0.0812791683300533,0.07916819,0.08176559029980261,0.11093771263791002
2019-12-02,0.10017405716031849,0.09896257302433621,0.10511835548925896,0.0746111011505161,0.13788393608335242,0.12709734,0.104223031464729,0.09500400593980429
2019-12-03,0.10292207517897838,0.10490299566536568,0.11230895040005252,0.08546374583349241,0.14290289195318684,0.13791572,0.11042957098855255,0.0827695523510209
2019-12-04,0.10457716527464438,0.10819706641635123,0.10858215722648783,0.08633549086032885,0.12523556444545686,0.1265119,0.1053827401934767,0.07261621853447822
2019-12-05,0.1010120683197912,0.10335445177293019,0.10496573619851597,0.09149996537006683,0.10244428698956216,0.10924701,0.09831877355980673,0.09399176947084999
2019-12-06,0.10864638314490771,0.11227173843029967,0.10172804922373967,0.09210596520744944,0.08901748545073113,0.08941828,0.09658994460102943,0.06831083775336229
2019-12-09,0.10567177876983011,0.1098597436053294,0.10139816781149211,0.10004554104839128,0.1107061737028738,0.116524376,0.10547449784036507,0.0819590779218017
2019-12-10,0.10184631559040644,0.10354868531393427,0.09885444063239815,0.09529065174319583,0.12440463077691813,0.1293417,0.1071805327035068,0.0816225670414774
2019-12-11,0.09944664003051595,0.1017269599744374,0.09627684391199474,0.09106300975626312,0.10727303618883469,0.09699624,0.09926089532520459,0.07903575551087308
2019-12-12,0.10612311112849744,0.10997154432379927,0.09398610469576045,0.08665801049732473,0.10203609331318267,0.10640887,0.09827240497966827,0.05974790765557261
2019-12-13,0.1020867857976594,0.10229071028522727,0.09195495197534977,0.09416102405505151,0.10183106133526003,0.095428765,0.09935962372932365,0.0692517454254231
2019-12-16,0.1053803256568932,0.1074653606667883,0.09015788061174745,0.08381921753004933,0.08636600530650579,0.09824279,0.09185518283114945,0.04771676183518623
2019-12-17,0.10143674777217529,0.10063684276711012,0.0885711663203348,0.08797376145262317,0.08951732788420115,0.086409286,0.09297594570299987,0.047677572330418666
2019-12-18,0.09792460230854756,0.0943391072537853,0.08722765430362868,0.08840425062375468,0.0885798044133804,0.09304984,0.09163621911522755,0.05985304188527763
2019-12-19,0.0976231318559872,0.09611084933401835,0.08599094247111194,0.08818620098663923,0.08660862740993215,0.08903167,0.09080598675085287,0.050839723122712066
2019-12-20,0.09800645125854826,0.09852472835750983,0.08490471695701605,0.08002960194139001,0.08389777940247556,0.08429855,0.08731127753413796,0.055249172313113604
2019-12-23,0.09495135588376216,0.09299854127307898,0.0839520953115857,0.08328561287268335,0.08797297354555529,0.07974814,0.08873664743400027,0.058743783123058724
2019-12-24,0.09213277663330027,0.08711344498349577,0.0831295286230688,0.074221594816565,0.08440262691794635,0.080794655,0.08358566612260387,0.08341333302354693
2019-12-26,0.09358992078631806,0.0904206515019541,0.08239825452558583,0.07205723728709519,0.08368683731213404,0.08779327,0.08311133179518243,0.09038252496772352
2019-12-27,0.09091977807277686,0.08482882539464899,0.08175928779288785,0.07512524299006243,0.08747606077665382,0.08159641,0.08450702727983105,0.09378676118646835
2019-12-30,0.09367220925385748,0.08961977296604971,0.09116783705102689,0.07158314288348144,0.12393507494674504,0.100768544,0.096396809028028,0.08659716739780805
2019-12-31,0.09230204784595157,0.08879240079054135,0.08946251550975395,0.07207353542311853,0.09461713974935909,0.09696114,0.08633090767280972,0.09093038012420837
2020-01-02,0.09995662385956366,0.09862249934953907,0.08795805414964811,0.07376661159957448,0.0858674864197306,0.08355252,0.0865302406262896,0.08352863335758744
2020-01-03,0.10353588866860253,0.10419999741261254,0.10035332938657944,0.08391590020441352,0.10300929760034776,0.094663255,0.09682036215778793,0.06970793663732273
2020-01-06,0.1014868798473352,0.10305958100428324,0.09761132482369503,0.08792210728507839,0.10465624273233791,0.09849606,0.09802174328825049,0.08165797950654215
2020-01-07,0.09905239767332726,0.10038035564181874,0.09726431945726967,0.09158823243172491,0.09606034171877,0.09339786,0.09556699060794072,0.07991648929887064
2020-01-08,0.09917572434775206,0.10253896541470117,0.09486305028942166,0.09099422110684804,0.09240398746278085,0.089389585,0.09419131097246032,0.0731928533532147
2020-01-09,0.10204859838241331,0.1072163965948692,0.0927319850715417,0.09423440618856392,0.08740790513860174,0.085019894,0.09456363656985967,0.0814756740111867
2020-01-10,0.09958918272487657,0.1041496370020886,0.0931162450304609,0.09156663301325599,0.09739591710177355,0.09868174,0.09618391094663536,0.08351726962985888
2020-01-13,0.10297960186734717,0.10959572296985687,0.09118487589623575,0.08564253153811432,0.0878241422877206,0.08542473,0.09214875856439403,0.06996210374720484
2020-01-14,0.09959577192743241,0.10469188664211812,0.09013127348403308,0.08874818170766556,0.08947676720371643,0.08234024,0.09260690694627145,0.0691601263949903
2020-01-15,0.09675852555871937,0.10028111083799686,0.08854769752609672,0.08787765781740256,0.09025124946587088,0.08389544,0.09162914428066427,0.06835721361848175
2020-01-16,0.10349474838188782,0.10848090476573624,0.08715220076770298,0.08445076222255306,0.08285661617391393,0.077949286,0.09026737559278493,0.07302294496229456
2020-01-17,0.10178077309320044,0.10753225508815771,0.08592462183064485,0.08713023946986027,0.08688671333760845,0.07781696,0.09193257530022304,0.13135550411727778
2020-01-21,0.09919593117407159,0.10428179390887189,0.08694444377115079,0.08861349419648593,0.0885448590448425,0.08014512,0.09211809480513333,0.14812925039881195
2020-01-22,0.09591275545988413,0.09733133379184984,0.08574204398147316,0.08345238008895278,0.09263111015614872,0.08393093,0.09066541523499522,0.14824294706950872
2020-01-23,0.0931743139654958,0.09249509800510149,0.08468631269634397,0.08245435038989041,0.09481823120191792,0.09253004,0.09014896518576804,0.14967974632906364
2020-01-24,0.10241112568879675,0.10330578783911186,0.10598431133386312,0.08200755601328134,0.11159817510530427,0.10618084,0.09867228560246079,0.18528434689897297
2020-01-27,0.12933815206105467,0.12681968757176085,0.1529178490251969,0.08304794392540742,0.14899235345157394,0.15786818,0.120459483146012,0.15586176605395205
2020-01-28,0.1338049629694206,0.1348681577714153,0.1451353466922979,0.10547991102352222,0.13568732520118737,0.14076078,0.12499073306471005,0.17433515247129702
2020-01-29,0.12712625589026869,0.12577625581304475,0.13817628638851556,0.11655732452578979,0.11978015285905337,0.119808175,0.12115457775837062,0.191476433328297
2020-01-30,0.12211210968174256,0.12191437789169857,0.13170342783174338,0.1222151272221016,0.1216240660413571,0.12755626,0.12198376764840042,0.19163823454081397
2020-01-31,0.14971879071508104,0.14640737991521832,0.17928446683434346,0.12854377880274714,0.14940867959564125,0.1446764,0.14255708303782313,0.14872373232063313
2020-02-03,0.14654153043565438,0.14708990708087208,0.16927588899387064,0.14798731300338747,0.16093629287584704,0.15793744,0.15182171210496295,0.14889905820274618
2020-02-04,0.159208295203578,0.16225204647587588,0.16009786102544524,0.14106525998894892,0.13132699567506748,0.13401324,0.14386685028919813,0.10569346354125994
2020-02-05,0.16131051870533747,0.16778380862771655,0.15169633187384227,0.14952858858552895,0.12392736199525553,0.11404973,0.14492215642870732,0.08339181418300354
2020-02-06,0.15308569050446658,0.16109860153088543,0.14402026660883652,0.15867768858807663,0.11131757556081023,0.10736595,0.14102698488445115,0.08082582262403087
2020-02-07,0.14734552678403048,0.15638816542125802,0.1425122994259313,0.16230183015445546,0.12645572794137683,0.12724307,0.14536769495995425,0.07228886772384356
2020-02-10,0.14455251949032244,0.1566557442704123,0.13560716296123995,0.1470763852733832,0.09834348853332088,0.10362437,0.12999079776567551,0.05450746918035085
2020-02-11,0.1370907256349496,0.14653123388267564,0.12933076146871594,0.14736585303021701,0.0962967298156883,0.107891515,0.1269177694936183,0.06275721804631862
2020-02-12,0.13437455131951295,0.14628721456015994,0.12363912410198914,0.12974123397333995,0.08203526628018097,0.07513463,0.11538368385767794,0.05082851645008002
2020-02-13,0.12784382181721993,0.13713141889564617,0.11906776934882707,0.11644309449458087,0.08573927081016956,0.09093432,0.11000872904065678,0.08991291655657502
2020-02-14,0.1220228845955028,0.13025856931066337,0.11436462597526399,0.10916508832627295,0.08269349606615842,0.08111538,0.1046271563293114,0.2578333073927483
2020-02-18,0.11738912421194676,0.12524540810579585,0.11211256481232232,0.10189392313324,0.09448015981640395,0.10010235,0.10458773572053025,0.3371897051237675
2020-02-19,0.11488753796623205,0.1239300171031007,0.10810658838604041,0.09048762744226159,0.08624740067430274,0.0907074,0.09720752202759879,0.3366130652799912
2020-02-20,0.1117707620026808,0.12080232264999059,0.10805605489036156,0.09043405879057058,0.10018058850660214,0.099489614,0.10079513643328449,0.4641076435300369
2020-02-21,0.12075190420500367,0.13092289990717856,0.12912841496811958,0.08434920838832066,0.12033894063517576,0.11680868,0.10848001774283338,0.46174664728085735
2020-02-24,0.2133494506239797,0.1914554741319678,0.27406147918396256,0.09765018083921166,0.18859083458685919,0.20296541,0.16653015535001683,0.5067095974764902
2020-02-25,0.2571977023152215,0.2322579616490557,0.33845137679377885,0.16444962446849587,0.26377495140857715,0.26107875,0.22847409273076483,0.5000722829539805
2020-02-26,0.24100660262039772,0.2182724668640496,0.3173745944281795,0.20933646482815516,0.29930292169651795,0.29465875,0.24988199638169029,0.5791961211890565
2020-02-27,0.32763751794822676,0.2841083429782203,0.43946859800696714,0.22797990916223515,0.39103479553586806,0.41542134,0.31555074088210994,0.5409899799255474
2020-02-28,0.3083197339165331,0.2706942264598379,0.41419413399986654,0.2966264145845786,0.4211972286409957,0.51405764,0.34204779238070243,0.5514826150823765
2020-03-02,0.3725527672220245,0.32585134227654394,0.3864571309209401,0.32094573263096005,0.39862328610044984,0.40029487,0.36404059531781147,0.7187858469933052
2020-03-03,0.3778863991426661,0.3425023152512609,0.41472848794307077,0.35380686636558367,0.42570219895695366,0.42104626,0.3857984881550678,0.7699675368119546
2020-03-04,0.41364366468701325,0.3781301926142999,0.38695301976993995,0.3650052035509767,0.3371251437856509,0.34570208,0.37192467067454693,0.7957706671185572
2020-03-05,0.425570375020724,0.39664564978430145,0.43796647532971156,0.40886206392624885,0.36971133126253686,0.4822671,0.4013812567365032,1.0376266752882715
2020-03-06,0.4060707310987906,0.3846731292886345,0.4267711837277476,0.40530202427928297,0.4303691785265307,0.4684827,0.41391397796820145,1.2079977548237208
2020-03-09,0.5620742516310819,0.4871377921424645,0.6929216788687161,0.41804243370884425,0.5847116162535395,0.6340963,0.5216094338644885,1.4021060798874527
2020-03-10,0.5807609332981402,0.5134110744051061,0.6454002942253386,0.48991431965508425,0.616183811456968,0.6202456,0.5622863548033975,1.4211292391174342
2020-03-11,0.6006860650072527,0.5370888741462864,0.7005775121220017,0.5284153618349139,0.7579450754934146,0.68368334,0.6290155007785271,1.4268331222172523
2020-03-12,0.767201974195457,0.6538021153802888,0.9697578155344422,0.556420840972033,0.8800896307740569,0.8429592,0.734570815313849,1.2383538650830062
2020-03-13,0.852305551085762,0.7248944148884546,0.902824052991829,0.6727651605254541,0.813469700048177,0.67112094,0.7795134705531309,1.1113288229311515
2020-03-16,1.0384634089782927,0.8518641910291785,1.2434302065004021,0.7777997532158792,0.7716112552967203,0.81361526,0.8626248058302974,0.6770016512260223
2020-03-17,1.0116620368107143,0.8413943899737967,1.1573836582125678,0.8943992391353752,0.7117766956940985,0.6362004,0.872612657213396,0.8323648736182568
2020-03-18,0.9801373904273596,0.8239317663120554,1.1430687554189236,0.9531333891860876,0.7716112552967203,0.79170406,0.9016273449700559,0.7461214561150952
2020-03-19,0.9102831346703942,0.7318165341666439,1.064025825810208,1.006577553629517,0.7546394857803878,0.76166433,0.8905000580267664,0.8604239777685269
2020-03-20,0.8768146532118402,0.7151978715928202,1.0403525172468768,0.9707485038690645,0.763479394186047,0.79335093,0.8703475170889838,0.8369471366251039
2020-03-23,0.8290382510156249,0.6783166395924145,0.9917176826385172,0.935871640978825,0.7252522778987356,0.82572365,0.8300540566310618,0.8430322296080174
2020-03-24,0.903193099110506,0.7451762349517564,0.9232482888031336,0.7610988515900777,0.6521176270528665,0.6405334,0.7721365259178167,0.5643269771106905
2020-03-25,0.8407508962642032,0.6747155676986973,0.8595684370306542,0.7849282075813167,0.6354661196848229,0.7363822,0.7537150745101142,0.6438636625574964
2020-03-26,0.8432918188047911,0.6915468264963771,0.8003477016720808,0.723014662715493,0.5837274380472457,0.39253652,0.7166779731891766,0.5054665883926961
2020-03-27,0.8035566137402018,0.6663646305727202,0.7848196648511713,0.7435052226609751,0.6642986683570536,0.5714378,0.7371201682527434,0.4561118766892823
2020-03-30,0.766109519439254,0.6422655993096456,0.7308402970927201,0.7255148922065427,0.545470389658616,0.5015692,0.6790316004348043,0.6213658378286451
2020-03-31,0.716506391303976,0.5934239444690096,0.6904436728558443,0.7412964825839732,0.6181611651608218,0.51470596,0.6919880130162571,0.6108128106159739
2020-04-01,0.7066626000257712,0.5970852330904636,0.7201285060956073,0.6373242030766216,0.5159012158101909,0.57027745,0.6199626729708613,0.5717454179246777
2020-04-02,0.6670032884017697,0.5660357303399364,0.6706932694891503,0.6584318189820446,0.487878944763004,0.5293511,0.6044380173822729,0.558247019906711
2020-04-03,0.6247373895301301,0.5267117872339852,0.6342576909283796,0.593397853225432,0.5916258132080444,0.64796495,0.6032536853212022,0.5523700956334988
2020-04-06,0.6819115610997329,0.5809101000324955,0.5908698516187808,0.554042640072757,0.49424923150234656,0.59935284,0.5767344775582788,0.3434935642042532
2020-04-07,0.6334278874047394,0.5204479804269436,0.5506669419389647,0.5951106979397839,0.4849493059217585,0.5064415,0.5711626304220939,0.37798048356278424
2020-04-08,0.6142962036978775,0.5149428806047119,0.5131901655719159,0.5950779958748826,0.47763213897405765,0.52710307,0.5623354461822726,0.2967138230984419
2020-04-09,0.5756954358412437,0.4858229906410712,0.4783744184214032,0.5767177073580155,0.41684521765208626,0.42366874,0.5230861202837819,0.33592844728289933
2020-04-13,0.5338213327531283,0.4464469354502088,0.4434534520752673,0.5731214780639503,0.40238477800721123,0.5031045,0.5031091962747632,0.35221700400527917
2020-04-14,0.5207659793027397,0.4501000066449712,0.4121823635492586,0.5741529551884286,0.3811845126837114,0.49850363,0.49203448239162656,0.35674927480103713
2020-04-15,0.4970352123086318,0.43648948432597956,0.4174922420838243,0.48326587532959453,0.4355891309499248,0.4507626,0.47196340619605043,0.3579998486984977
2020-04-16,0.4609374291546021,0.398692892404363,0.3881764091019619,0.4716643385183998,0.3399972154063304,0.33338785,0.4241996610264441,0.35564477163120634
2020-04-17,0.4506540606958353,0.400150297966959,0.3610787379514053,0.41740034400997406,0.30658986670374994,0.29041576,0.3915480904698531,0.3176103581171371
2020-04-20,0.4287223607652,0.3891890729282267,0.36180580716735344,0.40511970905376793,0.3282808203344335,0.30110008,0.38737429671780044,0.3085810786816565
2020-04-21,0.4322674796260098,0.40187636173117597,0.4086332019534784,0.38688146406100543,0.28858052115353544,0.27065864,0.3692431549468502,0.2183904360367502
2020-04-22,0.41911211816588667,0.39725957331800293,0.3799864380291146,0.3794036248852536,0.2671503646974722,0.26906312,0.35522203591620416,0.23766146451014125
2020-04-23,0.388041591640379,0.3538933604244128,0.3535334613892324,0.37035082271001785,0.23716483733753807,0.2790087,0.33185241722931164,0.2465470453296074
2020-04-24,0.3673632081580294,0.3408157074834539,0.3290745869279696,0.36948439549425316,0.256727990149906,0.2635109,0.3311918646007295,0.30328153603292435
2020-04-27,0.3497273539171852,0.3299971159758644,0.3064932872481491,0.3505371469129816,0.25535397288720546,0.2862952,0.3185394912391241,0.2865880991825202
2020-04-28,0.32543883179378985,0.30576217935461725,0.2883170959100434,0.34028306611746606,0.2820351694654574,0.2782014,0.31591902245890446,0.2912433048519614
2020-04-29,0.3345113498339412,0.32303373510688355,0.26890035925414874,0.296202155512357,0.2450644595343828,0.22545956,0.2919259882935603,0.2293500023467574
2020-04-30,0.314302240573935,0.30474690848860275,0.2602641890961584,0.2887960140032049,0.28819000146688656,0.2976215,0.29709608534800885,0.23426289064665212
2020-05-01,0.330905330937606,0.32562705599173897,0.3221961712719628,0.2787389141667966,0.3088977236484336,0.29417562,0.3061806562509454,0.16782094898009636
2020-05-04,0.30772408426633097,0.2987354854816905,0.3001454932534341,0.2932536662013994,0.24559688937909413,0.2704552,0.2821915466156082,0.16510100161616073
2020-05-05,0.28978284465918064,0.2851657543194668,0.2798049310130906,0.2826803199368209,0.25036050196584814,0.27457333,0.2742745555206165,0.2116596159214042
2020-05-06,0.27178431774505313,0.2680725712086468,0.26619431466092736,0.2860543828663219,0.27558267330798125,0.28508544,0.27780712463978546,0.24076861542682995
2020-05-07,0.2602302106436207,0.2616901160631208,0.2485201044049296,0.2631964001165931,0.23516918579921123,0.2633169,0.2528652655198083,0.24081645175080926
2020-05-08,0.25881203275765796,0.267057055370401,0.23225459203517848,0.259798752043232,0.2283847244777779,0.22630046,0.2489985030928893,0.21132572874704267
2020-05-11,0.24061466448384672,0.24010676436987788,0.21730159061248266,0.22570483578812303,0.23397558681287212,0.2244208,0.2334316956949473,0.3051878228194069
2020-05-12,0.25122342611132636,0.25545000233612447,0.2552168769858277,0.21328950521741832,0.274998255487679,0.27662197,0.2465037289388079,0.27769508874341503
2020-05-13,0.2529335321604967,0.2614930877374571,0.2719958743026456,0.21915322671507964,0.26805062486737885,0.26142848,0.24671246124765175,0.2742574874722394
2020-05-14,0.24351272917277325,0.25747833685041566,0.2538626570184357,0.22578245964170957,0.28054955333529547,0.29876757,0.2499482473832594,0.267710223359806
2020-05-15,0.22760766961165196,0.23915339542739417,0.23716956463061822,0.2250683134678672,0.27897469848834705,0.2655623,0.24388356052262208,0.26678339261837236
2020-05-18,0.2720799104546805,0.27503951931371,0.22181813814053103,0.21635451396526817,0.191701272710905,0.20107809,0.22671189904361788,0.173811840756302
2020-05-19,0.2593443131624824,0.26723759586467666,0.2219935972038715,0.2548127069535011,0.27168571942829756,0.25796106,0.2619475798480937,0.18849428449696662
2020-05-20,0.25763012231161364,0.2713339237907144,0.2078780698521322,0.24924362271991252,0.21179040638132846,0.191154,0.23955471713761822,0.1483571087219926
2020-05-21,0.24334178279172647,0.25729076933797446,0.2033731042186859,0.24926457497709065,0.19189141504793322,0.19770639,0.2281659242722501,0.14178143339219273
2020-05-22,0.22679765626757115,0.23637128521168063,0.1908001425342224,0.24777912073872488,0.18616987715269775,0.18987584,0.22024888471966456,0.1432828751457629
2020-05-26,0.2216904478254285,0.23590921415389718,0.17928891903101654,0.24975472430342227,0.1869168797947165,0.18673834,0.21945401730785574,0.12798841329832622
2020-05-27,0.22188275646724623,0.23956591044030032,0.16876733089013107,0.21021210221155295,0.20621983663235596,0.19264482,0.2127715651037184,0.12134836438607359
2020-05-28,0.20710187560675453,0.21981650044481305,0.1599384926105597,0.20827203472735983,0.2132804773514052,0.2072813,0.20955146256183985,0.12277984260664468
2020-05-29,0.19505377654635114,0.20723157879222753,0.15112823775563908,0.1862417741189875,0.19434797052935548,0.18663049,0.19188117373156474,0.21829865450096575
2020-06-01,0.18341532254037787,0.19538625842237578,0.1431220051298742,0.17588842574324742,0.19103574490902783,0.16699159,0.18344649773088437,0.23274165900353197
2020-06-02,0.1774325907069695,0.19280378874255905,0.13586317042924545,0.16807706708373205,0.17938079699141188,0.17585917,0.17496348492737113,0.2321384949295635
2020-06-03,0.18214076530641615,0.200227946192505,0.1292980759485279,0.15918439028274384,0.17344707058556008,0.16910195,0.17159074205824001,0.21460646744125045
2020-06-04,0.1714874884843136,0.18738774755131193,0.125898358824358,0.15112588958162537,0.18821040160619973,0.17902733,0.17027459322404623,0.48114747986469364
2020-06-05,0.21467849272155906,0.22220744321183758,0.12031531096700557,0.14830089252884693,0.16031609538617603,0.14800121,0.1744318268788607,0.4541458343949589
2020-06-08,0.21072538753297043,0.22270144545165535,0.1153001753822084,0.18266531819096565,0.2156091198961908,0.20410883,0.20299994187337564,0.44997894871093225
2020-06-09,0.20122991363241335,0.21530781591168155,0.12515578958764817,0.19260190301523594,0.21731783875362354,0.19555378,0.20371655180042428,0.4660214280152169
2020-06-10,0.19016421955431995,0.2049904030166375,0.12602699459830874,0.19851461425330025,0.19265103104376716,0.20507514,0.19377662161712914,0.465189519840338
2020-06-11,0.3783845076461813,0.32530850891625607,0.4672634645120853,0.1988847831228731,0.3467366814614617,0.32095593,0.30800199074350537,0.1743508924697641
2020-06-12,0.3577133047763777,0.3171424875412398,0.43420537287307664,0.3089451144606848,0.3997135983081786,0.33520514,0.35545733918174705,0.1533930272602895
2020-06-15,0.33542873469305884,0.29732481018144,0.39049143260104946,0.3167933718166338,0.3570998071055396,0.34727308,0.3364406378717441,0.1489574516035677
2020-06-16,0.3278408176843822,0.301499995214499,0.3667410874065037,0.3305130546493191,0.3651092814359736,0.37253344,0.3411543845898916,0.07303931729850682
2020-06-17,0.3047666036030748,0.2761951279610301,0.34547774196965425,0.351871588567711,0.3975077678586796,0.34204146,0.35138198667648846,0.19814934540350201
2020-06-18,0.2829174796986405,0.25043398381196064,0.3247035996456377,0.3691089400318167,0.36330743649693953,0.32886454,0.3384446187424656,0.21268101060878403
2020-06-19,0.2646635949061867,0.2352008015757855,0.3078706866570229,0.2562976906972321,0.33721591826197844,0.31858307,0.2860590679551324,0.27190135592130765
2020-06-22,0.24862500960161413,0.22513417384487727,0.28961119260346346,0.2305222736072668,0.3294903687184919,0.31445587,0.269545883975791,0.2872805320942329
2020-06-23,0.23254781298861993,0.21120051612037677,0.2725850813708272,0.21002247909291744,0.29512597201494545,0.29659715,0.2458987546988276,0.3055901527222758
2020-06-24,0.2602246253304279,0.24229002736904764,0.31529244251299415,0.1604173295291042,0.2750618651470765,0.27589157,0.2319012733355362,0.24508384797353913
2020-06-25,0.2493127176992522,0.23747841989072227,0.2965341718525948,0.18410614071049858,0.28305313810620153,0.26993632,0.23882399883865077,0.23476148398948937
2020-06-26,0.26840850920402853,0.26112331370144964,0.3274629452096828,0.19144752194310216,0.29980994420469553,0.27370173,0.25322199178394206,0.19316167756862979
2020-06-29,0.26208815263379487,0.2612374718789251,0.3078895780216764,0.2183325420953226,0.2846917012578005,0.27622887,0.25503746532897265,0.1804508830914415
2020-06-30,0.2578272412263465,0.2638933850550729,0.2896288126233368,0.2329172971367171,0.19453736408478853,0.205565,0.22842730081595072,0.15440255244728043
2020-07-01,0.24136357672301287,0.24737908516520402,0.27260150653544096,0.25425817020876107,0.22118424521146351,0.20835103,0.2389353307144125,0.1555303331265916
2020-07-02,0.22606291362870498,0.23076580336658503,0.2567336066139789,0.23870851696750583,0.18919333586697637,0.20298558,0.21798825548772907,0.16917044488936456
2020-07-06,0.2278261830140259,0.23757539238686004,0.24195580049554122,0.23785502994712798,0.17044771138355388,0.19592683,0.21204297478156928,0.14340476391882973
2020-07-07,0.22056366195362906,0.23393636560157385,0.24052845959629343,0.22065101792857084,0.19820690180008266,0.18470806,0.21314052722742752,0.15342779149541658
2020-07-08,0.2100608960753753,0.22637690660404494,0.22687544034472842,0.2109112382937821,0.1842417950858154,0.17613418,0.20173797648499092,0.15683064775792205
2020-07-09,0.19847948245366343,0.21450135604838474,0.21780140308902113,0.19296036079795498,0.19337297448948593,0.18165053,0.19493760591370143,0.15351939825186453
2020-07-10,0.194091332439321,0.21324210604755212,0.20575033377603888,0.1872133621705948,0.18586423176072495,0.18261886,0.1890563087902136,0.1360601617586994
2020-07-13,0.18867303266429908,0.21108996407859465,0.20536627987067807,0.18704669204205748,0.2555479251263716,0.24140769,0.2104225499442427,0.13260885783704718
2020-07-14,0.19110566468145604,0.2151397416689543,0.19420679144953978,0.17507648514020396,0.21158763195835237,0.18199901,0.19258992726000412,0.09374695740893046
2020-07-15,0.1855037194937984,0.21139251821288807,0.18385862276263232,0.1731433174601053,0.18929318927081948,0.17815799,0.18264674207490772,0.07952296909837239
2020-07-16,0.1746033601076186,0.19711683682952078,0.1758971980207627,0.17114908857729821,0.19272132884187426,0.18309586,0.17949125917559702,0.11611272902964018
2020-07-17,0.16440486222871692,0.18528748681435375,0.1669084716925765,0.16674824395926968,0.17921300725459602,0.18385255,0.1701220378141942,0.12254696130748331
2020-07-20,0.1611140036931681,0.1839925481711235,0.1586028919732213,0.15561298194470097,0.18402646964355862,0.18395506,0.16691781842714257,0.1192535398715505
2020-07-21,0.15167189198730702,0.1698516054748388,0.15093977351795196,0.15025787261051882,0.1415046163645534,0.14059971,0.14781146032079306,0.12730009675378948
2020-07-22,0.1462674494994531,0.1660873008740826,0.143880522414104,0.13339872149818754,0.13379693665997247,0.14775255,0.13782103588587105,0.14912922735470285
2020-07-23,0.15389181745822622,0.17561712423217649,0.16241586858505577,0.12348205878633224,0.161989438086507,0.16152707,0.14645443811035516,0.12331285917954192
2020-07-24,0.14881670424018056,0.17088803684739445,0.1604354592656162,0.13266616119003588,0.15092049096107477,0.16252774,0.1441344521304304,0.12730057300635925
2020-07-27,0.1459866145085486,0.16951518508869282,0.15262957178577816,0.1344734504314244,0.13230589405880008,0.15284199,0.13758865299959103,0.12668797500412893
2020-07-28,0.14224294750627778,0.1667044259408171,0.15235192377243353,0.1317736698988093,0.14843417543118534,0.17267509,0.14081693094542413,0.12074452680632476
2020-07-29,0.1505269629174534,0.17515728384734236,0.14518051782807484,0.13540325527988456,0.16998055329018327,0.17598434,0.1519702571625071,0.09465825026843863
2020-07-30,0.14328771212890662,0.1661417680710153,0.14104821160176723,0.14517155367459378,0.1706378614086978,0.1754271,0.1530323757373994,0.10157585976970375
2020-07-31,0.14162693116939742,0.1654119462971163,0.1347869716801301,0.13552953004651835,0.14666993110281337,0.14773193,0.14127546410624303,0.08599452982250254
2020-08-03,0.139414705790747,0.16474676670855778,0.12904349297681583,0.13515259487554804,0.14448222316911374,0.15043694,0.13968317461180293,0.07205954489188146
2020-08-04,0.13322145195937224,0.15733787681358963,0.12378496791794491,0.13410762252560876,0.14281478943929568,0.15067859,0.13671462130809223,0.08811285803948951
2020-08-05,0.13098905395017219,0.1554493104438001,0.11897996217077644,0.1305761248018044,0.13129812616633654,0.14023139,0.13095443497277104,0.12422022624594595
2020-08-06,0.12905036845620965,0.15359876021733915,0.11459831544029188,0.1179290799545357,0.1249501200906798,0.1348794,0.12397652283380839,0.1165046636117402
2020-08-07,0.1224400235277336,0.14199777825546053,0.11061106712909988,0.11801314143421417,0.12218431093728746,0.13227499,0.12087915863307841,0.11642440493776808
2020-08-10,0.11742249813431725,0.13509045870748201,0.10699040597138948,0.10983894578748045,0.11779405439034822,0.12225029,0.11501849943738197,0.1163863479080695
2020-08-11,0.1203086245169571,0.13894853977202465,0.11781966853399121,0.10124545426197444,0.16550044273401818,0.15479563,0.1290181738376499,0.10288886496666727
2020-08-12,0.13775126073006583,0.15496962936442926,0.11354164998110904,0.1035964447107769,0.11509436996321105,0.12063686,0.1188140251346846,0.04279076894966093
2020-08-13,0.1307201914051309,0.1449176937785836,0.11058187539607096,0.11671528399267428,0.12133849370073818,0.13348615,0.1229246563661811,0.046050508250131524
2020-08-14,0.12389708633498522,0.13455636198620557,0.10697067113684064,0.11471678579217871,0.10923010229763848,0.13106798,0.11594799147493413,0.0520952036236257
2020-08-17,0.11841075256872086,0.12742437525153,0.10324978303812561,0.11627060218461206,0.11547396626428078,0.11558727,0.11671844033920457,0.08589748185557332
2020-08-18,0.11354547386696837,0.12175060430846706,0.10032595799282033,0.11844509257229623,0.14006865004610755,0.11928304,0.12401973882845736,0.08809718306388978
2020-08-19,0.1111679814201029,0.1199207785710826,0.10246311156254773,0.11460164939859128,0.16883679657475326,0.1459256,0.1315354757978158,0.10938598673517022
2020-08-20,0.10777402492803732,0.1165686174094064,0.09961738722232331,0.08951835825576325,0.17595297602920826,0.160441,0.12441511973766961,0.10772593346886107
2020-08-21,0.10506028467614371,0.11341959516337985,0.09705760295640474,0.08593911928348469,0.15656141496158052,0.13966413,0.11585360630706965,0.11523603222680014
2020-08-24,0.11489413508435366,0.12481029486197782,0.09475986971828515,0.08383364457250905,0.1381470214201911,0.14229262,0.11229160035901793,0.0921364805450671
2020-08-25,0.11145435047943783,0.12133243014713017,0.09270155812903905,0.09261477043059409,0.1384925644087465,0.12366547,0.1141872284395928,0.10330639934714234
2020-08-26,0.12030062320984074,0.13148328558664993,0.09086132245968233,0.09208727393664567,0.1289085846278594,0.113520585,0.11376549392478193,0.1311705134669338
2020-08-27,0.11489925830910658,0.12337312938480784,0.08921911874022853,0.10272619120086418,0.13785511879571172,0.13171545,0.11849352276856083,0.2854935813247134
2020-08-28,0.11572387723184158,0.12641971447873035,0.08775621379104115,0.10558097303807658,0.13251075505893958,0.10169413,0.11793853510961926,0.2873994619596173
2020-08-31,0.11109558419436073,0.12017508170747501,0.08781246527429719,0.11132029413990047,0.15878649184628135,0.15061289,0.12706745672684752,0.3496996826521969
2020-09-01,0.11400084487526346,0.12544273887950552,0.0865051715249014,0.1039070783587718,0.17316816888306052,0.1490504,0.13035869737236525,0.3735050926984991
2020-09-02,0.13736883788812693,0.14657596429029232,0.08534425310883828,0.10813363944689207,0.1625547224158627,0.16251425,0.13601906658362722,0.3790116824283231
2020-09-03,0.23540954920093987,0.21447560384219763,0.26409031822059126,0.11842922935919353,0.2893136560801794,0.28020978,0.21438414488010427,0.2814648301178004
2020-09-04,0.22368736214504978,0.2089657005807042,0.25506267437779884,0.18029783701143598,0.27515164350851834,0.24342962,0.22637894755500135,0.28972566724654725
2020-09-08,0.25947494333603405,0.24419000472169144,0.3106478106666018,0.1930473611263122,0.2542837111852331,0.25096333,0.23560200521585975,0.21300713866792476
2020-09-09,0.2649008910396082,0.25812933926278525,0.29191772240754443,0.23083518794834873,0.23226225800602227,0.1977151,0.24266611233132637,0.16249155303646992
2020-09-10,0.2647535108494287,0.26424853040267676,0.3012542278041277,0.2573871203216995,0.2322682114338251,0.23222816,0.2514696142016511,0.11889892109890973
2020-09-11,0.24606199475708201,0.2391392809483629,0.28316755851944164,0.2769496482840399,0.298300540067919,0.2577612,0.27377072770301364,0.14316554875327328
2020-09-14,0.23923071494784875,0.2396511306449931,0.2663269849280857,0.24738404382917273,0.18617097444054703,0.2031026,0.22426191107252283,0.1387219213286359
2020-09-15,0.22447423132432207,0.2248776806232572,0.25065663296559215,0.2519697456773194,0.19217963430611673,0.20082483,0.22287453710258606,0.1529557011328203
2020-09-16,0.2106755006439658,0.21182551490665522,0.2382988685414439,0.22032025653148762,0.18964921238412913,0.19175866,0.20688165651986087,0.2266348352653993
2020-09-17,0.20191730229091218,0.20645436438745318,0.23225546512677053,0.19222628403079023,0.21700137518307386,0.213589,0.20371498716825875,0.21957887942430698
2020-09-18,0.19837090813643438,0.20886672841101978,0.23270571431388082,0.1630246492985747,0.2134206154430599,0.19237545,0.19160539095935633,0.2334597712536926
2020-09-21,0.19598957063762396,0.21066909183617732,0.23404224256363318,0.16320147353776854,0.18142247335456424,0.18608588,0.1802045058433189,0.2460694387752285
2020-09-22,0.19190604139775558,0.2090971214149194,0.22064982521047,0.153990370096315,0.21053141680067344,0.17788911,0.18547594276491466,0.23707728248131507
2020-09-23,0.2226075342672815,0.2365455994705382,0.2675610733871419,0.15622447568390102,0.2318385585768338,0.20143864,0.20355685617600547,0.17482218900852128
2020-09-24,0.20807382385179765,0.21975297406137365,0.2518045994463123,0.1855887890882944,0.21501631730150103,0.20926775,0.20289297674719767,0.17753544627044954
2020-09-25,0.21275554717889833,0.22755449114734025,0.23715260669828864,0.19063950428648202,0.18216914030667458,0.18373275,0.1951880639240183,0.15337683901751326
2020-09-28,0.21695866639615896,0.2352857072764927,0.22353837607999524,0.20195396631125062,0.16647880476086693,0.18828519,0.19513047915609216,0.1632269129162024
2020-09-29,0.2039883106156015,0.22140130188537913,0.21358529270033214,0.21376084420874836,0.19259843576671426,0.18669035,0.20344919686368804,0.1882827380374241
2020-09-30,0.19568319784704713,0.21471156352364695,0.20166728785843818,0.217174289069272,0.20221225299115983,0.19260082,0.2050232466358263,0.21688082279170304
2020-10-01,0.18510840049947597,0.20356392948644364,0.19062284580826672,0.19474044411021568,0.20729614108800584,0.17973173,0.19571499523256583,0.22099962386501443
2020-10-02,0.18106452157799857,0.20176247763504698,0.19256448365485343,0.194082697925969,0.18966509170027313,0.19114222,0.18827077040141357,0.2191714926543791
2020-10-05,0.19569476357073406,0.21725931113170308,0.18219601614612352,0.18216645515437296,0.169764294323504,0.17146763,0.18254183768287033,0.2130867559636847
2020-10-06,0.19849247039003579,0.2230258528494019,0.19873129744548315,0.18084875529288308,0.18158395414045994,0.18604538,0.1869750599411263,0.19350218673126157
2020-10-07,0.20817704247536525,0.23339631537563182,0.18790399261062693,0.18501959073045476,0.17894609750846102,0.1889593,0.190714243571427,0.1570874165132433
2020-10-08,0.19911248463024195,0.2246357362475761,0.1778849422238758,0.19592463403367327,0.20605195373928625,0.20159891,0.20036302413440046,0.1469224864446369
2020-10-09,0.1920682845199018,0.21930013718818736,0.1686256918858465,0.19839791941377427,0.19603692398252093,0.1846609,0.19550104263873233,0.13313109737067713
2020-10-12,0.20055780740205742,0.22837445560499312,0.1600805412579287,0.19998240310821275,0.18808710392474123,0.18221542,0.19620910481167045,0.13425532631824882
2020-10-13,0.19046922035284036,0.21749500856675472,0.15851710354519635,0.19914011911844243,0.20312178039325474,0.1847969,0.19757703995484585,0.1308740801363065
2020-10-14,0.18176853025293493,0.20923798273617045,0.15777786315036818,0.19218574367786112,0.17818807483952515,0.18515389,0.18404744959010708,0.12306893949267532
2020-10-15,0.17034590411087921,0.1917855464113443,0.1504675927310551,0.1755314028608933,0.17518919066096264,0.16605276,0.17368883254424505,0.12803816723381742
2020-10-16,0.15974605765469088,0.1764915272204754,0.14336409928306537,0.16721769829782746,0.16615745703519175,0.16123012,0.16437373766257002,0.13034267269503963
2020-10-19,0.17541439763041214,0.19116784056931316,0.17855850993921465,0.1574343519377886,0.19615264567384247,0.17934656,0.1763337984140144,0.1451641675270403
2020-10-20,0.16623897646032318,0.18266324940310366,0.1688234624178215,0.15335968867087163,0.24682741710378706,0.24146974,0.18880869407832726,0.14287894771714907
2020-10-21,0.15631705956534347,0.1694891421509718,0.1604212979289279,0.14848100179790286,0.21839890496169057,0.20980792,0.17439898877497897,0.29192355570998585
2020-10-22,0.14967449705872032,0.16435739263444332,0.1522926576895453,0.1438114647561232,0.20954245443413916,0.20981318,0.1676761387496609,0.3016003175554306
2020-10-23,0.14214364856198375,0.15559861099148262,0.14470878129627207,0.14404012732490212,0.17101236600052247,0.16937464,0.15239871396246946,0.31284580469040973
2020-10-26,0.16979725992006411,0.1804849075372118,0.19026420473038594,0.14357875000695794,0.2658382684224872,0.25611526,0.19307142611650308,0.29610949204146597
2020-10-27,0.1599534455767163,0.16945445080304966,0.18059855998834376,0.14818539932007174,0.2738639246080768,0.27920285,0.1940009231682883,0.3207894439077288
2020-10-28,0.24969076931447357,0.2328525358973,0.30379561025661767,0.14717112632284995,0.2907815390272772,0.29970765,0.2292144782215336,0.24864837971019516
2020-10-29,0.24109499782788205,0.2309203905533419,0.2849816509509977,0.205533916335308,0.31386060602757837,0.34717718,0.25349650673025614,0.2709954353057892
2020-10-30,0.2340628549726053,0.23110273118784483,0.2800824058476358,0.2194821896546808,0.308688050848385,0.29799476,0.2540776984918904,0.256781221917207
2020-11-02,0.22798255186592853,0.23070911829726995,0.26316012831302804,0.2352522992831047,0.31423040008864683,0.30223256,0.25915508374589336,0.2553456688976678
2020-11-03,0.23359299978576364,0.24195752435637582,0.24865871428488068,0.2399564885079531,0.23929897877783746,0.2701736,0.23761615569051808,0.22273860897383804
2020-11-04,0.2486619469963939,0.2598667890731022,0.23654263640024317,0.2601034407949646,0.2563273095582033,0.25676808,0.2550308991165206,0.1690337057439234
2020-11-05,0.2545516945505424,0.2686729496097726,0.22475162310712077,0.23526301529232602,0.2090567257725354,0.1791824,0.23295714520513458,0.12214660706070854
2020-11-06,0.23635156966471413,0.24226601757681712,0.21110540925133756,0.2415682600607888,0.22762613852814856,0.21331269,0.23518198941788382,0.1553263531948574
2020-11-09,0.22899991242150047,0.2391872520873892,0.19965616984755624,0.23414760474524976,0.24066717131422125,0.20821376,0.23460489616032384,0.15513326359430865
2020-11-10,0.2131249543776609,0.2193270659374382,0.18823829716746507,0.23167636407437003,0.2387333693956972,0.2345099,0.2278448959492427,0.1585254518443458
2020-11-11,0.2029538800290044,0.21166511937267699,0.1780339616330657,0.21548704998289597,0.2137259051043756,0.21704993,0.210722278372092,0.17035299875063095
2020-11-12,0.19724169002019515,0.20990210992047334,0.182187455999282,0.19306369699574955,0.2038846163030552,0.20704103,0.19806333443966664,0.1572675606292722
2020-11-13,0.1987366068202641,0.21595839743634102,0.17369949400071913,0.1684988574919894,0.17993101219784086,0.19537452,0.18238882550336477,0.13365524845270263
2020-11-16,0.19621232125410112,0.21589890408626997,0.16550796523975925,0.173243501121228,0.1749967406955088,0.17691097,0.1814841876902793,0.11267796611557089
2020-11-17,0.18500785662075653,0.2040947724078431,0.1602144755161203,0.16741889819119005,0.17786898389577213,0.16438276,0.17676524623590625,0.15648720038674757
2020-11-18,0.18455145277967552,0.20571684984506208,0.17225808189187045,0.16450462932069015,0.20898707964422664,0.19664077,0.18601438724819744,0.13340390088529128
2020-11-19,0.17384577583233857,0.19462952951913892,0.16298673263676475,0.16888989438268878,0.21070686296823038,0.19188224,0.18448084439441925,0.13154321830620627
2020-11-20,0.16708252816427765,0.1891244001520948,0.16154531474358547,0.16682885817241785,0.18962644861467512,0.18898706,0.17451261165045687,0.12661609678929028
2020-11-23,0.1596839616438527,0.1812654829641721,0.15336712050118517,0.15785193859875918,0.17711113590247946,0.18632528,0.1648823453816971,0.144121791351338
2020-11-24,0.17434889140852305,0.19638907110214657,0.14847392603912712,0.14828844207964542,0.15001869747574165,0.17045774,0.15755201032130337,0.08931794972720013
2020-11-25,0.16343308769094483,0.181682131937708,0.14152591934966757,0.1630058397612273,0.16551552360508492,0.16255873,0.16398481701908568,0.08871650848856714
2020-11-27,0.15387282433656127,0.16905782113354648,0.13483531499454982,0.15309545543724076,0.13966825162073349,0.13928631,0.1488788437981785,0.10715626126957165
2020-11-30,0.14689103233370374,0.1626140204889786,0.13266313185206213,0.15088531803766123,0.14980065956178726,0.16406232,0.14919233664438405,0.10296771648388663
2020-12-01,0.15169892137596688,0.1698623099194288,0.12836152782612012,0.1471094543763751,0.13771146740957885,0.14135371,0.14550661438730694,0.0682745148372743
2020-12-02,0.14302815315688439,0.1577210659629823,0.12286237032627344,0.1530743384669581,0.1468038665305051,0.13958113,0.14763545271811587,0.08780814139772368
2020-12-03,0.13490388227744948,0.14492708373889557,0.11792840740677855,0.12866864697918579,0.13699891623159466,0.14778315,0.1335238151627433,0.08817009597950907
2020-12-04,0.13658445374732506,0.14910717146001695,0.11453278586950547,0.12373316440299192,0.11839582647179774,0.10851208,0.12623781487403826,0.06288077945067744
2020-12-07,0.12950667311348704,0.1404783777056996,0.11117291770135009,0.1262225810649071,0.11224404683972539,0.11124883,0.12265776700603985,0.06875131260947094
2020-12-08,0.123672774090507,0.13416100333626904,0.10744599994530683,0.12194731516784246,0.10480328652413987,0.10212705,0.11680779192749645,0.11244365747263343
2020-12-09,0.12556037571423156,0.13820094284411144,0.11804093252694046,0.10394682423001075,0.11406548637674992,0.114959225,0.11452422877366408,0.09793581885993702
2020-12-10,0.1193810630782053,0.12873162890631262,0.11385570789703031,0.10857836482088251,0.11085007854857526,0.1090872,0.11293650214922102,0.1056849190291359
2020-12-11,0.11386074542254912,0.1208248688428048,0.11009124115810694,0.1069123880206954,0.13915783537779947,0.13183968,0.11997698960701468,0.10822230091989443
2020-12-14,0.11139786773960973,0.11933672806872594,0.11066409296866724,0.09429469881687604,0.16087365808013993,0.18738233,0.12218874154554189,0.10734144446610282
2020-12-15,0.12818940409503576,0.1356506928869971,0.10941585478688955,0.09323403329943944,0.12091265395711948,0.14081874,0.11411203045053157,0.058583092294810395
2020-12-16,0.12191963002305917,0.12794351066968826,0.10579968340549929,0.11018169930792371,0.1330217118494905,0.115707815,0.12170768039349111,0.057461944952740554
2020-12-17,0.12021550427195721,0.12791241417198973,0.1030496978522983,0.10533748733579217,0.10952180769419514,0.10737738,0.11169159976731484,0.04763201327959744
2020-12-18,0.11604412870618983,0.12535798053811034,0.10304263400188214,0.10839648121163978,0.12548174887478006,0.10765413,0.11664078626420323,0.07380154574835378
2020-12-21,0.1128144629137491,0.1218867547424295,0.10369010341298109,0.11130754805920917,0.1445924345042889,0.14971715,0.1229048151590824,0.07017978759293822
2020-12-22,0.10841703447112185,0.11634203590248385,0.10169009928692117,0.11256265476127009,0.17031236203850275,0.16134213,0.1304306837569649,0.06927289299942291
2020-12-23,0.10398056666210892,0.10818742527886686,0.09886732850142729,0.09223866024517956,0.1630637325264771,0.16692804,0.11976098647792187,0.0827457872664928
2020-12-24,0.10186947824729557,0.10682590261419751,0.09654823401378244,0.08874900395488128,0.12259580591673756,0.13459516,0.10440476270630482,0.1317389631259977
2020-12-28,0.10929372283774556,0.11551276082516505,0.09552510103742287,0.08147565619212006,0.13370078056049048,0.13034296,0.10815671986345204,0.12674466299447487
2020-12-29,0.10540430838192566,0.11111797151588208,0.09468427054720502,0.08733422029132146,0.16680853933432505,0.15485719,0.11984902266919072,0.13208871504774317
2020-12-30,0.10150180587917804,0.10487748847935702,0.0926674716753297,0.08333928495744575,0.12603040156969364,0.1217253,0.1036238308021058,0.168239546233597
2020-12-31,0.10405956151996416,0.1094575093132348,0.09155682442223795,0.08299618671904724,0.10953156673833599,0.11589234,0.09886243832578245,0.16655385219506533
2021-01-04,0.12963855736211105,0.13168463593622998,0.1377040321531651,0.0884607797790883,0.1565804880957121,0.19555192,0.12489327507897048,0.13705271310194989
2021-01-05,0.12892372533717122,0.13450181190125415,0.13188585230784977,0.10942849408878823,0.1716323289580097,0.16155669,0.1366615161279897,0.12759985736402477
2021-01-06,0.1262105415878249,0.13393315761092434,0.1264178896977775,0.11119264819944272,0.17350005847642674,0.15980636,0.13696774942123144,0.12209957722563736
2021-01-07,0.14500481332560175,0.15295902915703435,0.12382841129560468,0.11696838633967974,0.1522441307572868,0.12979573,0.13807244347418943,0.06836178899439505
2021-01-08,0.13999566665058974,0.1503839902382132,0.1191206553820737,0.13529003188840155,0.16642750580084303,0.16524392,0.14723773477994476,0.07606517039142081
2021-01-11,0.13708789337154437,0.149399156309705,0.12343609070295516,0.1401954524528916,0.17904814857498189,0.19631214,0.1521104981331393,0.08316113491073605
2021-01-12,0.12954916451792378,0.13745014746057366,0.1183761918253515,0.13141724199308802,0.1914811634633545,0.18892282,0.1508158566581221,0.128686247450345
2021-01-13,0.12340219866909935,0.1300338415867167,0.11388119613648133,0.12874235438830633,0.1617611910992872,0.1654899,0.13796858138556428,0.12769024437742285
2021-01-14,0.11909079423339682,0.12697952092336792,0.11289570009608994,0.12669867785153344,0.18030338262851925,0.1784586,0.14203095157114984,0.1266896315252904
2021-01-15,0.1202536580929631,0.1302423208538883,0.1200849667214059,0.10317877674355988,0.19974827172268214,0.2010324,0.14106023551973504,0.11866958585762566
2021-01-19,0.12294631113206866,0.13512108807617026,0.11623272750037866,0.10063510762043074,0.18070707117985213,0.16346988,0.1347628299774505,0.10433018459703862
2021-01-20,0.13980275132011966,0.15208427741223052,0.11451370337466382,0.09960061980657253,0.1649357633238139,0.15180352,0.134779711483502,0.18798140115631143
2021-01-21,0.13198368932572055,0.13912930002436155,0.11033677381465919,0.11511551731717778,0.1437286240731982,0.13055268,0.13027594357203218,0.20021763384107413
2021-01-22,0.12605564764436059,0.1331650943602459,0.10866670415208944,0.11533558649179493,0.12950346001051938,0.12838456,0.12363156471555829,0.24247525541607837
2021-01-25,0.1212887079305134,0.12845098429170032,0.10528254125626577,0.11853625878774648,0.13649805659192518,0.14047687,0.1254410077700617,0.2663048632823568
2021-01-26,0.115655809600502,0.12148384670516821,0.10259750881773949,0.11842894764516879,0.1503398492445232,0.13219795,0.12814153549673132,0.2835632023175322
2021-01-27,0.1816401466531714,0.1706491846800326,0.20801241199184717,0.11535557310103442,0.2794573688325033,0.2733237,0.19215102952890303,0.2152998388289082
2021-01-28,0.1781855661194716,0.17294816893443496,0.19642060275086679,0.14792125328088299,0.21670066857540496,0.2145034,0.18093582932525318,0.2178805198939337
2021-01-29,0.19872156433774207,0.19665947877210826,0.23013166288629847,0.1577419786883554,0.31131878390416967,0.2607655,0.22259410897675572,0.17049693528438772
2021-02-01,0.20535726741646246,0.2092439252930652,0.21787360067112604,0.1801855435058189,0.21530695695567584,0.19059694,0.20028325595931906,0.1379410828126572
2021-02-02,0.2061797989920761,0.2145595356861625,0.20619670948339133,0.19861633134407805,0.16858914142933557,0.15559712,0.1911284239218299,0.0974095008323729
2021-02-03,0.1922699650390494,0.19621538667407667,0.1940086400279272,0.21686292420216038,0.19588453177267884,0.18530597,0.20167247367129618,0.09717706576001392
2021-02-04,0.18923745331988598,0.19819540058252852,0.1837795100131489,0.19713172528930592,0.15340943344247385,0.14348744,0.17992620401722192,0.06090481079100589
2021-02-05,0.17806683325340508,0.1864245209812516,0.1735308026755975,0.19990491995364515,0.15919125517636634,0.15616213,0.17905433612780552,0.06371885031875894
2021-02-08,0.17154274358196125,0.18255597230271017,0.1645110083303177,0.1804958327512588,0.14875788325572845,0.14455505,0.16693215319631616,0.036569068241124894
2021-02-09,0.1607927481502989,0.16775670807185997,0.15593441938771066,0.16238860302659738,0.1471552210069586,0.1489907,0.15677885739461828,0.03577582726590368
2021-02-10,0.15094095145935207,0.15421457733723384,0.14792002358568698,0.1375171522159585,0.1553126176659826,0.16369842,0.14792357378043106,0.047550393678390084
2021-02-11,0.14231660109664873,0.14430618308453025,0.14062099364483754,0.12994890349274477,0.1278510484737046,0.14404039,0.133372184354366,0.04791355060186079
2021-02-12,0.136744441752913,0.14066226210077518,0.1342037793719293,0.10810765845754017,0.11223587239793492,0.12213734,0.11902932420279604,0.0649585745814107
2021-02-16,0.12925829685657075,0.12962556725576377,0.12818221733012794,0.10225907291210559,0.1428432300981669,0.14001292,0.12478686662228107,0.06544251063435451
2021-02-17,0.12250841682959304,0.11990568798132563,0.12268487615367939,0.08653449603547879,0.1428452739654586,0.1539353,0.11729606227684349,0.10343637297226627
2021-02-18,0.11900972346936962,0.11863071838608599,0.12172566968840107,0.08240017269199208,0.1360857387170546,0.13600023,0.11249854495947209,0.2016642367391917
2021-02-19,0.11379167316882167,0.11252276264296171,0.11755455663933509,0.08317281016021941,0.1576391454502984,0.15134712,0.11820120959311316,0.20405247415224645
2021-02-22,0.11689333557064778,0.11916693010799057,0.12551362636974508,0.0821797102508698,0.14702923832248752,0.16985303,0.11536742804800171,0.25780307466539093
2021-02-23,0.11165406987280858,0.1116079315943945,0.12027121162800121,0.08724645137149913,0.21684674935926057,0.19821978,0.13858242353452274,0.26400927802311985
2021-02-24,0.12377557317431355,0.12697910333176723,0.11722181109482137,0.088406859845239,0.139172230214247,0.13443756,0.11711822107793318,0.26832396982650897
2021-02-25,0.18086774548057627,0.17067251120955876,0.20703046905840722,0.10476560656371948,0.18133229670215353,0.17766504,0.15565521624881642,0.22413740344478597
2021-02-26,0.17118973171761645,0.1646763877383832,0.1975894269246355,0.14716001914897126,0.21576333086453095,0.21017744,0.17803769391037286,0.2605468355838197
2021-03-01,0.20663337358183223,0.19747866323431837,0.19077812930448668,0.15785487752274052,0.17169038980900958,0.17872298,0.1787262136378608,0.2036609010552304
2021-03-02,0.1977751664250811,0.1943709331296818,0.18857682904987996,0.18745755694964483,0.1379790093882532,0.17103735,0.17440391092099305,0.21935491102505214
2021-03-03,0.19840109505049583,0.2002356229011728,0.20022544568912984,0.20145047849517966,0.22502340311856067,0.1881355,0.20829165888807874,0.20302702969653255
2021-03-04,0.19966226072222476,0.20759149801326576,0.21089062768435013,0.212503484367018,0.2513959927384054,0.21753572,0.22118724594254938,0.19342720183361758
2021-03-05,0.21480003875719655,0.22450875561713832,0.20130008675526306,0.1985815996596651,0.23169674293897155,0.2291858,0.21502612711861105,0.1366610315267152
2021-03-08,0.20224740225298812,0.21250588557147576,0.19318509520216914,0.21369179831377033,0.26175406521594985,0.24437651,0.22589775526090275,0.1390369993776352
2021-03-09,0.204053542081748,0.21752308333353787,0.18376024599926857,0.19151371844640847,0.21002267667521451,0.1984272,0.20186331240112365,0.09746243941143087
2021-03-10,0.19313947209065563,0.20791468512646663,0.17371127483710683,0.1942385608731042,0.18151058277143595,0.182593,0.1896295385783986,0.08996553313237146
2021-03-11,0.18919509490733688,0.20697799958774957,0.16520755444564147,0.18543343039343346,0.1610323679170278,0.16003251,0.1785536310725994,0.11767956208294139
2021-03-12,0.17680335147923112,0.1901498547716494,0.15639553615579915,0.18107571503920727,0.16500340307757724,0.15726553,0.1742941565320052,0.11753674690740618
2021-03-15,0.16929445767624965,0.1850036053677759,0.14878743551139575,0.15552477725334973,0.16365527451153,0.14142396,0.16282483648037646,0.11905661546983053
2021-03-16,0.15887716712267227,0.17056500462481058,0.14182686628411198,0.1530996248825417,0.13378707709963614,0.13132659,0.14858795636828337,0.13041258762610272
2021-03-17,0.15005132929049256,0.1606418630908977,0.13516526771001,0.13270404918772277,0.1293602868466582,0.13947596,0.1373718884416245,0.13455707987511906
2021-03-18,0.16351786211217298,0.1752392067939883,0.16578409584895698,0.12407477248435651,0.14819646259406424,0.154686,0.14526303239686458,0.0913086089961776
2021-03-19,0.15343993352934338,0.16141682834386795,0.15696891209080743,0.12989197724174723,0.1683273200435603,0.16237456,0.15055307693821696,0.1484286421644695
2021-03-22,0.14941260229244574,0.15995906239689647,0.14938567824286403,0.12962482649585882,0.15876292831800157,0.16059707,0.1459334523687687,0.13999669824343977
2021-03-23,0.1469178568095181,0.16024722366919503,0.1517372862232844,0.12975584576310834,0.1773556448941515,0.16676234,0.15134311582225932,0.13094239177895586
2021-03-24,0.14169497857426472,0.15697900693441677,0.1491116507342594,0.13628439478630827,0.17326201437414931,0.16664624,0.1504137959115741,0.1276325698881648
2021-03-25,0.13679384329552371,0.15247068584490123,0.14200376847138657,0.140928885293994,0.15755011123418752,0.14752351,0.14509094660790176,0.1479139769574555
2021-03-26,0.15834018237456107,0.17210795268581666,0.13841513802318375,0.12527221597486732,0.10794311649939752,0.114038356,0.13051850494960862,0.13610002333947555
2021-03-29,0.14879472093900264,0.15784704340590872,0.13210828828701976,0.14656384211865736,0.11861817807969771,0.11516534,0.13799224704578592,0.136136047544772
2021-03-30,0.14118434463484125,0.1508174115210703,0.12817670064427067,0.14428389469415642,0.14232172823185732,0.12572515,0.14259665585361833,0.13467877364534203
2021-03-31,0.13473048026145343,0.14461401064839055,0.1228625134955866,0.1405192233249743,0.12479765227782603,0.12253429,0.13334911862141793,0.13554860324255122
2021-04-01,0.14311940215647795,0.15457258949350647,0.1197567107518966,0.13764698883164062,0.09490596992831485,0.0995272,0.1252241203054778,0.11995353001190093
2021-04-05,0.1566232911383906,0.16982967696417492,0.11792035428157682,0.14639664467884372,0.10516885320891026,0.1051329,0.1360629296753815,0.06351375449461491
2021-04-06,0.14726297785514375,0.15708980993877086,0.11364514948812852,0.14035795875174756,0.10965556672664231,0.11728933,0.13242550111117787,0.06731574958853748
2021-04-07,0.13895019951664708,0.14574199093434173,0.10963054755670186,0.13922160438637893,0.09985197613756681,0.10171217,0.12600792668019759,0.07257754736863443
2021-04-08,0.13328091628026764,0.1412981707406315,0.10626832420382655,0.13761706118100825,0.0907030574111268,0.087453224,0.1205336782908009,0.1025115632568031
2021-04-09,0.13313281480183556,0.14417230246377133,0.10391059659080312,0.13763621314887892,0.09150564787453697,0.09785627,0.1207582252750838,0.09045421600032007
2021-04-12,0.12599675999942156,0.13214775846763704,0.10090005838431025,0.12979672851019441,0.09982189194211387,0.107751995,0.11853846015057662,0.09801447868228384
2021-04-13,0.1209759063892772,0.12717441300463858,0.09838678450103369,0.10537190613085702,0.10154990085542971,0.112411514,0.10929923779185464,0.10681601288255539
2021-04-14,0.1173229395304643,0.12430007697770701,0.10017043702340138,0.10141050749940422,0.11088492049662677,0.11126435,0.10987278917549843,0.12201862603830242
2021-04-15,0.12747229100495835,0.13656672735989203,0.09954159105448623,0.09897227567104792,0.10330529447058544,0.10566115,0.10991662038219724,0.11431907026388005
2021-04-16,0.12255310037370071,0.13223591490467662,0.0972173374664658,0.10670697354205612,0.10316573324952935,0.11007101,0.11080860238842873,0.1355333303819562
2021-04-19,0.12018851275252382,0.1312261996512346,0.1019869004896727,0.10093730443091388,0.09427557903349758,0.10928564,0.10513379873897843,0.13077569694596905
2021-04-20,0.12049526792309234,0.13312283406783287,0.11008869873165622,0.10550014875370252,0.13219856882027725,0.13145648,0.1193979951656907,0.12147658799655625
2021-04-21,0.12564453505550383,0.14027959189384248,0.10769527615727471,0.11056071025477376,0.11570223876961791,0.110216856,0.1173024946932985,0.10231385797675675
2021-04-22,0.12983812092350722,0.14613628793773667,0.12275467741116824,0.11848312696075614,0.1320594660299806,0.13416141,0.12679357130474797,0.09188167396807265
2021-04-23,0.13699371396193874,0.1544128831256372,0.11939202344862787,0.11653179789596896,0.13815797918384276,0.1279757,0.1305611636805835,0.07152322281777186
2021-04-26,0.12983663429472397,0.14466790752451042,0.11480922320171164,0.12622055998679943,0.11980661911438471,0.11193202,0.12528793779863603,0.07304340338204082
2021-04-27,0.12304039081545631,0.13238551643821622,0.11065406732363718,0.12644821388408656,0.12343799304794296,0.12713091,0.12430886591582861,0.0871548328647941
2021-04-28,0.11704382956697885,0.12439339682650578,0.10708082112392127,0.12449332815725796,0.12434691448260843,0.12582755,0.12196135740228174,0.08709090085711521
2021-04-29,0.1177433692014632,0.12667019731791054,0.10438576992939798,0.11649354775578426,0.12911877235229782,0.123367116,0.12111856310318177,0.09288925786731386
2021-04-30,0.11914205462303189,0.13062290863495168,0.11312879520477359,0.111232082133774,0.140428393608471,0.13959448,0.12360084345509231,0.09338421019346654
2021-05-03,0.11450750134043088,0.12461179615868696,0.10932473970225959,0.10018303995835838,0.15085458428381243,0.14140445,0.12184837519420055,0.11784550164916235
2021-05-04,0.11547504049212085,0.1276756849468027,0.11560645844379075,0.09684363985701684,0.14204928762927424,0.14842139,0.11812265599280398,0.12429680415538466
2021-05-05,0.1102964143079435,0.11820339254188596,0.11146419539743853,0.0989680157217081,0.13281967523356328,0.13083103,0.11402803508773829,0.19778771905634948
2021-05-06,0.11480087925768286,0.12522304087888717,0.10858620902975334,0.09756664182904716,0.1271209952484361,0.12673885,0.11316283877838869,0.2077629510766133
2021-05-07,0.11691479947940082,0.12908282775401825,0.10586396375312888,0.09910230245377376,0.1235706331583671,0.12246512,0.11319591169718056,0.22692879980755576
2021-05-10,0.12570220156639123,0.13908118005686892,0.12595654484935812,0.10006952178560136,0.1203901147366209,0.13321787,0.11538727936287115,0.21511296534711297
2021-05-11,0.12871948059277424,0.14353121642814531,0.13512649881164338,0.1105853169878942,0.15405679067446978,0.14728992,0.1311205294183794,0.2147931991620422
2021-05-12,0.17111795922328768,0.1765209135875766,0.1984433552970536,0.11488845228062937,0.18970957648135076,0.18219104,0.15857199599508928,0.15125754982625175
2021-05-13,0.17374024135475483,0.1831764927139992,0.1881941841709552,0.14710823047229854,0.2056001540234631,0.2085173,0.17548287528350548,0.14510758732099927
2021-05-14,0.18216344782358543,0.19526078320862353,0.1793884445664622,0.15842847079528344,0.18842760689002142,0.162417,0.17633984183629678,0.10017974846995531
2021-05-17,0.17094140263773233,0.1823253397501626,0.17049274612332774,0.1740209742050563,0.15433067943913772,0.15621555,0.16643101876064212,0.12089208230624054
2021-05-18,0.16701525357008046,0.18108147452617218,0.17201639457293236,0.17677597525128397,0.1759499888670737,0.16852649,0.17324707256281272,0.10561917774272843
2021-05-19,0.15746015088068216,0.17005496532877143,0.16409889462419386,0.18310880054961387,0.20582602891447793,0.17656982,0.18213166011492465,0.10437754236861269
2021-05-20,0.15894745798461757,0.17440382924865477,0.15654459612766622,0.15982768477825487,0.17632534653636991,0.15333638,0.1650334964330808,0.0735325556392126
2021-05-21,0.14936868971803868,0.16100907011843854,0.14874535380922535,0.15463040736970457,0.16094429305836241,0.15338331,0.1549811300487019,0.0735242528586509
2021-05-24,0.15085399783059875,0.16518791568372782,0.14247787310535664,0.13222348991712685,0.14415717784904894,0.14083655,0.14241155519892482,0.022708764312196945
2021-05-25,0.1424747101838616,0.15451057715417923,0.1366102132699045,0.13386971338926745,0.14509597052272852,0.1428744,0.14048013136528584,0.019822232936245167
2021-05-26,0.1348279600624411,0.1452059754144981,0.13050605917505254,0.12227171101321288,0.11145743969049757,0.120385215,0.12285237025538386,0.02969478284372969
2021-05-27,0.12770993313147821,0.13459614410062698,0.12494092198242837,0.11892295609936866,0.09717670783937647,0.097989514,0.11460319902340778,0.06864568260831563
2021-05-28,0.12123408316766186,0.12503042900459826,0.11989123293877409,0.10406627172506352,0.09098420277099784,0.09731231,0.10542818588790774,0.06866204372314548
2021-06-01,0.1153972183868171,0.11550298274825116,0.11537170416735544,0.09791639464361922,0.13124030136035703,0.13738179,0.11485130479693112,0.06858423526988792
2021-06-02,0.1104483977833407,0.109811748355595,0.11127285714115445,0.06944459822916474,0.14261397056762923,0.14193933,0.10750232219337823,0.0690390673736752
2021-06-03,0.107652122924592,0.10829306610429805,0.11048800343499725,0.06281013295925236,0.13178255830530863,0.136937,0.10074827139638433,0.07201463462457723
2021-06-04,0.11416042112791647,0.1169870610746774,0.10786194179743179,0.06247437672015047,0.12989811052613726,0.13424931,0.10217763612473474,0.03844818424685919
2021-06-07,0.10914651739944393,0.10976930249834459,0.10464735173848325,0.07919977755366354,0.12989811052613726,0.13248388,0.10608146849308157,0.04014982877147561
2021-06-08,0.10460694909428293,0.10202593091688428,0.10162379540376273,0.07884663623677407,0.13048971588254246,0.13242812,0.10464776707119983,0.042600944964357464
2021-06-09,0.10108752017738425,0.09752212958172145,0.09973373923094446,0.08149481592663027,0.13282840842837662,0.13324511,0.10513691484413039,0.055848943417792715
2021-06-10,0.10079834013340974,0.09940398949190377,0.09754796805048553,0.0845782915231569,0.1310006900957746,0.13077976,0.1054591072507804,0.04519850253758764
2021-06-11,0.09781399047113588,0.09579725502531673,0.09535022385724597,0.08827333941695982,0.12824146478373527,0.12909679,0.10477626489061032,0.10319278200388704
2021-06-14,0.09512296207365399,0.09202872086014427,0.09339280592812954,0.07141368921624976,0.12824146478373527,0.12738283,0.09825937202454633,0.1422251924556013
2021-06-15,0.09290005374632965,0.08905065001371666,0.09267225287674875,0.06986784160402694,0.12890160881452287,0.12738283,0.09722316805495983,0.14608355242027235
2021-06-16,0.09510315130074203,0.09319591857582696,0.09842137533871305,0.06877626276424464,0.1355386433179554,0.13647185,0.09980601912764736,0.14116439885542484
2021-06-17,0.09224414316557233,0.08762136080977355,0.09611896574660309,0.0731723264355034,0.13626253518757744,0.13618869,0.10055966826288439,0.1470034552111529
2021-06-18,0.1157021006332074,0.11036898204419873,0.13141936131073453,0.06626568734183062,0.1485381727786305,0.15542455,0.11016865358455617,0.11563056945315134
2021-06-21,0.13457142356227203,0.13056424659326654,0.12788288128687778,0.09521318653169257,0.14958843857953905,0.14664266,0.12645768289116788,0.062408983396170875
2021-06-22,0.13041774628515773,0.12918061685586957,0.12284524446367392,0.11846778707259364,0.13642940209801385,0.13633911,0.12843831181858842,0.05081321008788944
2021-06-23,0.12373271576207673,0.12092960265499722,0.11822933787785507,0.12641297146736347,0.13261363405097518,0.13287,0.12758644042680514,0.05110344129367552
2021-06-24,0.1218873460579201,0.12223827303552587,0.11423269150204694,0.12955527083687501,0.13261363405097518,0.13259047,0.12801875031525675,0.047816264122675936
2021-06-25,0.11739814515766447,0.11852203367232388,0.11036139383478936,0.13835904356156187,0.13563937518574398,0.13334891,0.13046552130165678,0.06740262742630238
2021-06-28,0.11266966417944524,0.11370085391175051,0.1068122027278739,0.12538328671248583,0.12824146478373527,0.13065386,0.12209813855855545,0.06693346784262885
2021-06-29,0.10774231627525882,0.10498306603029507,0.10356135611479864,0.0970635553183471,0.13393288780297102,0.1343251,0.11291291979885898,0.07101378941171738
2021-06-30,0.10361781199439035,0.10057037311625167,0.10067732726160881,0.0861412331017325,0.13393288780297102,0.13386862,0.10789731096636462,0.093166075020243
2021-07-01,0.1037334961888544,0.1025877281016923,0.09833822574183657,0.08074888193056254,0.13571715611671276,0.13386862,0.1067331780787099,0.11684095261307367
2021-07-02,0.10806347997596129,0.10999816663752948,0.09682480770856876,0.07340806967254956,0.13308625865346532,0.14096989,0.10485260276732539,0.10693967334625426
2021-07-06,0.10422393027835668,0.10492951395147732,0.09567792258727076,0.07926035010522595,0.12885551723102753,0.13232295,0.10411326587153673,0.10888154652443822
2021-07-07,0.10193677195709208,0.10358620177451833,0.09378156669146696,0.07946254057659248,0.13393288780297102,0.13312915,0.10511073344555184,0.10656811629053824
2021-07-08,0.10918466538097511,0.1125402439982996,0.10997989056886151,0.08248097638363673,0.13950374366669266,0.13454787,0.11038979514376816,0.09038328804618885
2021-07-09,0.12172343956069391,0.12694727358050026,0.10808558552706954,0.09482777032743456,0.13410029930853298,0.13341224,0.11688383639888715,0.06867611397844565
2021-07-12,0.1173272231260773,0.12293400001601766,0.10480434544226162,0.10955664958083114,0.13442179312403288,0.13314621,0.1204352219436471,0.13044304859791284
2021-07-13,0.113536603876923,0.11967569150646629,0.10467142730245488,0.10773773520296395,0.13508193715482048,0.13463242,0.11878542541156915,0.16674459100266678
2021-07-14,0.10866205002256239,0.11187872210940836,0.10160748044256178,0.11125618651654805,0.1370555049004697,0.13238777,0.11899124714652672,0.17643975725255412
2021-07-15,0.10571368698434055,0.10953265042131476,0.10148764986326218,0.11263488621410929,0.14073857575283671,0.13640612,0.11969571631709552,0.17549195805157447
2021-07-16,0.10988092387936968,0.11578497302550896,0.11214243297136692,0.1055484879862398,0.14877478380023368,0.15089935,0.12140139855528105,0.1817877005556021
2021-07-19,0.13767167661847238,0.14060182094039983,0.15601043729826342,0.09321154075331368,0.1585110606321035,0.15762042,0.1297980926679632,0.14295066425769487
2021-07-20,0.1545483792062177,0.15928287352219997,0.15025237605135974,0.1219975801597361,0.16312793865124942,0.15137912,0.14655796600573442,0.10072494513649465
2021-07-21,0.1522189077260951,0.16032617980624628,0.14343524960425888,0.14185694783860522,0.147770987837349,0.14213558,0.14728228113401645,0.08216883396270436
2021-07-22,0.1435768820907783,0.14999288913351014,0.1365725149626652,0.15059461945662045,0.13945514323278266,0.13936312,0.14454221492672711,0.0862269214223544
2021-07-23,0.14648602816911066,0.15618742228930396,0.1314640131704184,0.15543870305841534,0.13642940209801385,0.13921963,0.14611804444184662,0.061485826812253834
2021-07-26,0.13860195791565888,0.14764527106656145,0.12573784013367784,0.16516031732722486,0.1382730869621808,0.13939187,0.1473451207350215,0.060552819382480375
2021-07-27,0.13347637981106938,0.14350499963862343,0.12497669684810234,0.14888453297228257,0.14299310252871494,0.14120531,0.14178467177068899,0.07685193401628279
2021-07-28,0.12627921302482173,0.13174435149660352,0.11981491701525318,0.12620614943319952,0.14598507654854598,0.13603583,0.13282347966885574,0.08361242029062826
2021-07-29,0.12207162730595962,0.12927346687872343,0.11538460795625168,0.11225184291513937,0.14071076946401945,0.13827753,0.1250114132283728,0.0889378967466028
2021-07-30,0.11990457707991102,0.12849715067086506,0.11750881439098171,0.10872785176503541,0.14498477062223475,0.13518782,0.1245390664890604,0.08105677564221696
2021-08-02,0.11459474712736122,0.12153219457947358,0.11382067189158822,0.09064804688304359,0.14341373515482111,0.14220366,0.11621884305507531,0.08027014745962574
2021-08-03,0.11843224216714318,0.12722730464602103,0.11067644048502007,0.08529717789564552,0.1451676396690215,0.14550272,0.11629901991060339,0.05593567174405714
2021-08-04,0.11572961864198351,0.12636007661394488,0.1118111890465115,0.09111096457339801,0.1441951008795704,0.13814637,0.11701189469831731,0.046088567206850374
2021-08-05,0.11531016049871567,0.12756345438945454,0.10846424363679824,0.0942225908541002,0.14721159420542687,0.14111345,0.11891478185274758,0.03435458967073522
2021-08-06,0.11043734405769066,0.11979822345003127,0.1050129632728386,0.09680219581220113,0.13928100137041852,0.13238777,0.11550684708010345,0.03419096536536405
2021-08-09,0.10584833769064728,0.11252617668677885,0.10210569659016251,0.09456298459567075,0.13013087989643696,0.12873173,0.11018073406091833,0.03833719868124666
2021-08-10,0.10180712375845832,0.10598782009220375,0.0993177661941998,0.09536189102394317,0.1316608341265622,0.12949017,0.10960994963632124,0.06285377027705626
2021-08-11,0.09834787458400177,0.09999523137759896,0.09685119671951763,0.08320299700966684,0.13402643123054342,0.13197571,0.10519243427473735,0.09876525009384123
2021-08-12,0.09778536788533497,0.10058740343878822,0.09491046220739753,0.07639692776210089,0.12824146478373527,0.12956852,0.10080792014372371,0.09471614946145217
2021-08-13,0.09497630844619842,0.09619172917286109,0.092964999278906,0.06768342851747008,0.130025733097477,0.12956852,0.09756182335371517,0.11024937853771237
2021-08-16,0.09323386632670408,0.09392564399141684,0.09131866866650945,0.06451958459614501,0.12851477341371642,0.12851092,0.09542274144552183,0.12425973497943651
2021-08-17,0.09873968143704433,0.10108178015824451,0.1026245938140314,0.06361791687486118,0.13360287396717246,0.13779376,0.09865349075969265,0.11411660003083253
2021-08-18,0.11268014556708066,0.11545205570363086,0.12534527668953882,0.07476986284970366,0.1404303027058542,0.15059263,0.1092934370408795,0.08593349194621759
2021-08-19,0.10793451680969947,0.10915892719521145,0.12016007122311788,0.09359032241674138,0.14735387334410172,0.14881009,0.11629290419018085,0.0950007353232619
2021-08-20,0.1128615538312831,0.11704026564057146,0.11631612063573382,0.09519835860371005,0.14661571658979983,0.14794531,0.118225209674931,0.09791300478813394
2021-08-23,0.11770574327683173,0.12430355647863635,0.11296872570944963,0.10636605076179655,0.13368506136764918,0.14119537,0.11925228513542581,0.08298705582561058
2021-08-24,0.11248382820013411,0.11676999022709196,0.10903613273563416,0.11751547643359571,0.135247345827412,0.13816717,0.12174888348704727,0.08286206173545327
2021-08-25,0.10823692975237666,0.11192318878750672,0.10555408235745745,0.11591642608259936,0.1382730869621808,0.1372698,0.12080881426571893,0.08138272961499698
2021-08-26,0.10871692044506488,0.11439721158710707,0.11028766628259841,0.10257143573114545,0.14632797612753853,0.14680032,0.11920544410124961,0.07286415884067765
2021-08-27,0.11499945807830468,0.1225289875878689,0.1076788355110533,0.10654564113852959,0.13485240572951396,0.14495763,0.11879916831544941,0.03793751837202542
2021-08-30,0.11233042662525002,0.12103939911107395,0.10453608385228856,0.10713526316053493,0.13496478010426347,0.13380419,0.11814348996334946,0.03303946705240448
2021-08-31,0.10765982156801243,0.11344801117707816,0.10190875438731303,0.09808328455035713,0.13496478010426347,0.13422778,0.11356929540754435,0.03297712481464471
2021-09-01,0.10327426313295408,0.10631263313570004,0.09912922365647223,0.09621845165398897,0.1375956775675109,0.13509145,0.11236279745148464,0.046439279919539576
2021-09-02,0.10051554110724997,0.10286894903145292,0.09665834009156185,0.09537066711092444,0.13034733592345443,0.1293878,0.10874451471387629,0.06913496719677928
2021-09-03,0.0969613891366317,0.09603637951274818,0.09448064033158383,0.09038908635124321,0.12753678828972834,0.1274449,0.10496242125920108,0.0709548024495558
2021-09-07,0.09570090903020781,0.09516838243930739,0.09557912205691821,0.07172724116202134,0.11972854920598874,0.12977976,0.09571889979940595,0.07826566297643245
2021-09-08,0.09300634473798475,0.09090123670181958,0.09395794173388511,0.0663766144445294,0.14303015497662255,0.14001513,0.10080437138637889,0.0981146999848956
2021-09-09,0.0939203365969536,0.09302694068690634,0.09764018317407969,0.0631125289001927,0.12292213524369956,0.1324487,0.09331833358028195,0.09313396902063166
2021-09-10,0.10079580631270928,0.10233862829946067,0.10985644556313572,0.06655535044611781,0.14685076084574814,0.14066301,0.1047339725348584,0.0993319299915352
2021-09-13,0.09800533054747947,0.09880427488699589,0.10626415519228682,0.0760089133049401,0.14253494773152892,0.14756168,0.10551639719464949,0.1561521770100672
2021-09-14,0.09998732873400443,0.10274723734799501,0.11069794669573278,0.07889614655603192,0.13584621319539208,0.14238493,0.10490989616180947,0.15080706912402989
2021-09-15,0.10723579911971712,0.11139863982969982,0.10792333507154904,0.08493434149211411,0.135371710013037,0.14581944,0.10918061687495606,0.15387769516641536
2021-09-16,0.10323101850117819,0.10583388038599527,0.10503579263254294,0.09758743376566724,0.13206765707629287,0.14520608,0.11096203644771278,0.1757535000373722
2021-09-17,0.11155915232376654,0.11590907124750803,0.12057576115843366,0.09854396371421793,0.14687121324184646,0.14618069,0.11899144309327699,0.1636296938044993
2021-09-20,0.14285696695225122,0.14336015034753818,0.1672172706265483,0.10316268916578378,0.17626095441580414,0.18767901,0.1407602035112797,0.1112968416098513
2021-09-21,0.13476082464722022,0.1331575608475596,0.15826029372101597,0.13269966184244542,0.18575635870664903,0.19060066,0.15107228173210488,0.18354331414598113
2021-09-22,0.13782575126153757,0.1401312281264609,0.15086033165306426,0.13508498326148338,0.16841916583507255,0.15688111,0.14710996678603117,0.17113667121755424
2021-09-23,0.14635354693965744,0.15191353749829928,0.14472812415750022,0.13996651353073353,0.16193540543055998,0.15897875,0.1494184886336503,0.17085151683507893
2021-09-24,0.13807116920503468,0.14133712375301824,0.13768196069697752,0.15449738547853806,0.14079980851129742,0.14103253,0.14445612106495673,0.188845589354129
2021-09-27,0.13129146508869,0.13516783922947823,0.13271662945381568,0.15347725912354562,0.15250016567814284,0.15074286,0.14575629663012615,0.20948485909749975
2021-09-28,0.16875224967634125,0.16674075995928203,0.19255085989802712,0.12863718859200496,0.1712049911403672,0.16804013,0.1561981431362378,0.16755250460421683
2021-09-29,0.1583078777815095,0.15480759850765144,0.1813790952217705,0.16163960454594511,0.15911597655068058,0.16379943,0.15968781962604509,0.16969043965679492
2021-09-30,0.16280503410310895,0.16502039532039187,0.1907983865854706,0.1577217587467024,0.18315946338256447,0.16559148,0.16789541874412528,0.15812020545846497
2021-10-01,0.1653197297089136,0.17151601723264864,0.18082009854510367,0.15765165033925488,0.1914638632519439,0.1809041,0.17147841443337078,0.13640782578148247
2021-10-04,0.17108700468215662,0.18111371421990746,0.19386542642023938,0.16724775445561588,0.18787310232620025,0.17529935,0.17540262048799093,0.11130351170361809
2021-10-05,0.1703880564198483,0.1834819848908148,0.18344967320379355,0.18250997520523146,0.18383788952984947,0.18152688,0.17891197371830977,0.08461192786446244
2021-10-06,0.16115916776776407,0.17518783476957264,0.1731556413196679,0.16412111257302517,0.18136872441179516,0.1628869,0.1688830015841948,0.08230014275567286
2021-10-07,0.15799459805222868,0.1747839268544052,0.1642016720196453,0.16546493204629456,0.1639858634789241,0.15579252,0.1624817978591491,0.1332617138854972
2021-10-08,0.14871667309235714,0.16189910660105,0.1559865833023374,0.1602773814326808,0.14960672187761548,0.15068802,0.15286692546755112,0.1426813368535948
2021-10-11,0.14508724029787443,0.16112218989838914,0.1556651621243383,0.1482762230997643,0.15462559935361314,0.15413886,0.14932968758375062,0.13615372101849496
2021-10-12,0.13735046308153698,0.1519216078606918,0.1485941353473119,0.13188918647662853,0.14413566405627104,0.15077281,0.1377917712048122,0.1448359484939963
2021-10-13,0.13081081155831717,0.14395187947639512,0.14126940387884004,0.11556252770831331,0.14651988865169732,0.14043602,0.13096440930610928,0.1455766490875059
2021-10-14,0.15541215379815185,0.16591602250009238,0.13762345705944287,0.10929084832906907,0.13858754696540876,0.13753411,0.13443018303087656,0.08494796020903109
2021-10-15,0.1517141123120588,0.16518995735911904,0.13183056089266132,0.12961264663324978,0.13039535857332982,0.12994674,0.13724070583954615,0.06700732651380721
2021-10-18,0.14388496921906901,0.15642843020110211,0.1260975069514222,0.1341696170825653,0.12754785486660392,0.12888503,0.1352008137227461,0.07105503941157568
2021-10-19,0.14163355722640072,0.15628119857717915,0.12144623969658282,0.13308910101000326,0.11662731985169636,0.12380584,0.13044999269603344,0.04980678462594472
2021-10-20,0.13511672901202934,0.1491316348147841,0.11676178552173466,0.14063122717040644,0.11462871504578773,0.12035459,0.1301255570760745,0.055670570396625235
2021-10-21,0.12880306493982396,0.1424044674357602,0.11249788008224323,0.1447670338372954,0.11073377956900451,0.11372436,0.1281012927820413,0.08643009304526765
2021-10-22,0.12221565369502185,0.13270398147610205,0.10881909597673156,0.11583270313655541,0.11455541964280881,0.117812,0.11753459215812868,0.08719668926009538
2021-10-25,0.1191174245643737,0.1304748545635772,0.10557930415124707,0.103254434767131,0.11416512447092206,0.11910903,0.11217899460080892,0.08145774596467922
2021-10-26,0.11386756492447853,0.1228367955177291,0.10242138646257601,0.1005794236550516,0.11698452535550821,0.1239909,0.11047717131167945,0.08455133250526263
2021-10-27,0.11231980948092118,0.1227756152447583,0.10576112587280441,0.08530863301360335,0.1236627520584575,0.12829228,0.10709706485099402,0.08914520098133993
2021-10-28,0.12030697557514511,0.13199721915174295,0.1039041029978764,0.08208491247826219,0.12604851401213824,0.12678385,0.10948013402184852,0.06326668005256192
2021-10-29,0.11498880053627354,0.12456354959815114,0.10093694010583416,0.09483811646164282,0.11999794575476216,0.11888224,0.1099416209175595,0.06716532530265854
2021-11-01,0.11019829163367284,0.11809460446167934,0.09829185769214352,0.09606157750714177,0.11697710998735764,0.11888224,0.10774565970939075,0.06624086963809564
2021-11-02,0.10744424887608231,0.11519605220947167,0.09610467839601444,0.0939057408999575,0.11788669917344269,0.117087126,0.10641222964982751,0.06577856019474332
2021-11-03,0.10907328750544736,0.11975247598232487,0.09461100017901124,0.09692405768018805,0.11619537035184813,0.11862779,0.10739757184582784,0.07533105651482792
2021-11-04,0.10700358073702575,0.1173938565178433,0.09274939521340025,0.10043737853079412,0.11512799443157282,0.11925592,0.10752298456646424,0.06937075941724105
2021-11-05,0.1047255123851975,0.11546365176450049,0.09121650064079959,0.08762838319317645,0.11933226278236866,0.12208668,0.10389538612024755,0.08199384930903844
2021-11-08,0.10076856955307954,0.10763421225316674,0.08965679478619203,0.08765063769341766,0.11933226278236866,0.123888694,0.1025838233429553,0.08175150603911951
2021-11-09,0.09909657900911036,0.10627507309929389,0.09169692704127012,0.08596309327379043,0.12001784829818685,0.1270311,0.10169250686036253,0.08254847603502519
2021-11-10,0.10613297929394244,0.11414449050232787,0.10738579050515247,0.08433918202092344,0.13743965613458958,0.14773898,0.1093039391498185,0.06097319899475784
2021-11-11,0.1019357172950065,0.10672735849203313,0.10396231909724453,0.08740496417430066,0.13216240727108017,0.13518304,0.10716769624679578,0.06540575216655155
2021-11-12,0.10602151419384408,0.11258869829191365,0.10166671535338011,0.08518827880945766,0.1299975141408805,0.12752913,0.1070691023813941,0.04202744931213688
2021-11-15,0.10179137487240324,0.10384827667648155,0.09887114198448224,0.09144785555858878,0.12203146845244417,0.12752327,0.10509023296114539,0.0477820612997794
2021-11-16,0.10037902699166892,0.1029346763100087,0.09662159602607405,0.09208683673670169,0.1229410576385292,0.12752913,0.10513564045563328,0.04088059859984253
2021-11-17,0.09789763952291299,0.10024973644869845,0.09618909800373832,0.09320927405996321,0.1250314723534148,0.13375586,0.10537946197876367,0.03992228473678345
2021-11-18,0.09648820927657581,0.09908803804475591,0.09420193157672735,0.08287960798199676,0.11686644079647246,0.12659447,0.098744752685015,0.166282328694414
2021-11-19,0.09373203826877058,0.09470744823580672,0.09280040318639961,0.08420144344861664,0.11980180285180553,0.13085066,0.09924509485639758,0.19031159423980823
2021-11-22,0.09272261483676804,0.09420263814823515,0.09381661188813657,0.07143009997164666,0.1390327084620107,0.15495428,0.10106180775680847,0.23274818578203288
2021-11-23,0.09058688577504116,0.0901868390997133,0.09197450320100412,0.07164917164917071,0.15031454293452456,0.14673011,0.10418353345291215,0.24729204456342582
2021-11-24,0.08917181810626099,0.08808881090959562,0.09039567506863834,0.06607281804713476,0.12706744457886374,0.13127159,0.09410402691075315,0.2662727459024876
2021-11-26,0.15456287718109407,0.13810250545991493,0.185456729557723,0.06425678638820535,0.17168888015506226,0.1836787,0.13016951457478723,0.21885559937988133
2021-11-29,0.16245728569652548,0.1530945679297188,0.17619890547698158,0.12448895927003426,0.15634232688302485,0.16336226,0.14776285728319485,0.21467549250630125
2021-11-30,0.1857931443467592,0.178178193850078,0.2145168814712594,0.14427435833357277,0.17632130790992961,0.17759843,0.1687962701967539,0.2208778909233283
2021-12-01,0.1856157684220079,0.1843403101523188,0.21828648186990518,0.17415545035101757,0.2620960410799989,0.18746921,0.20728908661767478,0.20529372208572264
2021-12-02,0.19018286584335845,0.19487568755852244,0.20630961352180335,0.19356740568973108,0.17564004099257288,0.17892948,0.18646343750855413,0.1864159796271838
2021-12-03,0.18361057322316582,0.19159403891387616,0.2029670948536165,0.21617770818141946,0.20876580139392503,0.19249788,0.20285136093283676,0.18887835805016331
2021-12-06,0.18332422371979515,0.1956378930204793,0.19185716731930544,0.19980638541982662,0.18686096781179742,0.17735271,0.18999719231713974,0.1818390537872537
2021-12-07,0.20564431328722257,0.21628392796256424,0.18402249919415428,0.19876510536833675,0.19608325755793557,0.18635286,0.2001642254044983,0.12135880950364947
2021-12-08,0.19227633436226463,0.2022478708064678,0.17351639199802482,0.2014155511726366,0.16166757792964667,0.16297123,0.1851198211548493,0.1658409872783662
2021-12-09,0.1837729596066224,0.19636460814821266,0.17158611519988662,0.1929517209881471,0.16134463675181487,0.16158235,0.17935643911552812,0.1696240768009134
2021-12-10,0.17957560790377303,0.19471585738487668,0.16288218951742472,0.1807999142092903,0.14529311507997916,0.1448563,0.16855621239768084,0.1720746031604127
2021-12-13,0.17540514659399384,0.19424413087858525,0.167253096192817,0.18064963964005115,0.1594326886372085,0.16427122,0.1718291582904178,0.17881703744089064
2021-12-14,0.16925545826845056,0.1904873006236598,0.16677814376637706,0.17621517167341244,0.18639108339564167,0.17775652,0.17728723777916822,0.21164125771398995
2021-12-15,0.18230327242242791,0.20325792043033009,0.16011729885224002,0.14490887524450224,0.17235323366573563,0.1613619,0.16652179377755527,0.19159609004785347
2021-12-16,0.1771547398919733,0.20027686935004924,0.1638478984970505,0.1619135895071589,0.16911040696666024,0.17810453,0.16939291212193083,0.18644648520350052
2021-12-17,0.17531641908916198,0.20072030998932436,0.17141646446397324,0.16293671945716764,0.20469928862209402,0.18024321,0.18098414238947455,0.1972137101300392
2021-12-20,0.175884306353003,0.20265274992402524,0.18107648479671534,0.16339943718237443,0.1924027189822126,0.20364383,0.17722882083919667,0.17981445847784494
2021-12-21,0.1914212198458499,0.21658222483291792,0.1734085632678447,0.1666180633261618,0.16525382891244217,0.18109952,0.1744310373614846,0.12954392602925874
2021-12-22,0.18723881540683915,0.21380678208275616,0.1646496310139586,0.1865003579562316,0.1566186315232653,0.15615356,0.17678593496211203,0.10983120564574239
2021-12-23,0.1781486996842409,0.20527569939618445,0.15609138292901073,0.18013759312602512,0.1367631920963855,0.14461671,0.16501649496888385,0.10232924234121643
2021-12-27,0.18321024098202238,0.21193190293394648,0.1498022577432182,0.17954468306762345,0.14016759766872008,0.14681737,0.16764084057278864,0.0546394462436545
2021-12-28,0.17121625139873406,0.19332543571594485,0.14238236186033373,0.18628888685335804,0.11886352778487341,0.12689254,0.15878955534565517,0.0543505347489121
2021-12-29,0.16044041543726004,0.17750306624502454,0.13548585766999818,0.17956617340585246,0.10370460042853377,0.12192207,0.14790372975721544,0.14894187263324896
2021-12-30,0.15142096184207085,0.16717327216403,0.13094375146159448,0.15322450763290907,0.11002251313305206,0.12424482,0.13822266086934398,0.14757602335049602
2021-12-31,0.14311177938340705,0.1569708762067786,0.12648773113048106,0.1397115664433572,0.1191017611405432,0.12314974,0.13397503565576915,0.1491988720091755
2022-01-03,0.1394266262033536,0.15485321840705427,0.12158143045435212,0.13103537495845574,0.10986331922312705,0.1139041,0.1267751067949788,0.14258475057137224
2022-01-04,0.131616883323224,0.14289369962085574,0.11675670883895126,0.1015724071770999,0.1152341500769939,0.11460272,0.11614114685910593,0.15652742059814256
2022-01-05,0.16540353514609085,0.17036119341854938,0.1784475040761661,0.09319288714546867,0.16467841499209515,0.1550731,0.1410916124278849,0.07464085950117058
2022-01-06,0.15508336578307683,0.15855049500023197,0.16847129287221257,0.13426651715978344,0.1561245270539033,0.15623596,0.14849146999892118,0.12608389998226374
2022-01-07,0.14743956974195976,0.15145532777504211,0.16174199245276913,0.13558578333522386,0.13865729220139061,0.14924638,0.14056088175952475,0.12288561274337705
2022-01-10,0.1390867556902974,0.14153948897435203,0.1535626160586743,0.1386882932393081,0.14775095706118388,0.1493125,0.14184200199692978,0.1798773455345848
2022-01-11,0.14070159566770502,0.14656393155212027,0.14649213610370532,0.14071921361436548,0.14619302187357966,0.14963952,0.14253794371855005,0.18150377879553048
2022-01-12,0.13370764511455982,0.1396169247801455,0.13940727788108498,0.15247411550604983,0.13182259398979035,0.14577736,0.13933478487013332,0.19685771598024332
2022-01-13,0.14935522915853064,0.15578777178884903,0.16690217337597513,0.11278657241214926,0.15801740830271685,0.15444672,0.1400530699577989,0.21623811843943475
2022-01-14,0.14065590570916517,0.14451405799822575,0.15794454892034973,0.13317789788665613,0.15676032591266031,0.16608551,0.1435313765028272,0.2170511314399093
2022-01-18,0.1678274361822081,0.16971361154050738,0.1987171552994722,0.13029014750923845,0.1724196578851822,0.17569575,0.1568457471922096,0.19315884253338997
2022-01-19,0.16623032577997812,0.17276354792877943,0.19924323953025133,0.15677979940208941,0.2642591689531432,0.22968608,0.1957564313784036,0.18067988991194986
2022-01-20,0.1674773139335892,0.1773965619252954,0.20318553800990447,0.15898048170015183,0.3396784529519246,0.27777037,0.2220454161952219,0.16705019292215537
2022-01-21,0.18918707186408157,0.19874820928672976,0.23370073190697183,0.17274759966532954,0.3468955634749249,0.3380692,0.23627674500144535,0.1967053830506349
2022-01-24,0.1772874079929942,0.18499719446621957,0.21932049383913918,0.1864160541652895,0.4136385617968324,0.41082215,0.2591140079850387,0.2365370610887132
2022-01-25,0.17913428463065792,0.19159049868146646,0.22333291415210302,0.1922739091372726,0.3807774197106938,0.32399547,0.25072853782620813,0.2252743478188744
2022-01-26,0.1677074028390239,0.1771741306128684,0.20999074562773884,0.1828871433067532,0.3857634456572986,0.3296453,0.2454526639343586,0.234666512717277
2022-01-27,0.15996521266459302,0.1705758857510372,0.20107136980813597,0.17750280054711498,0.3286612286897415,0.29071447,0.2220430806338165,0.29039926873671296
2022-01-28,0.2006406844021442,0.2039102228239515,0.19309856957126198,0.16983087158346416,0.2781834324707731,0.24640483,0.2162183294854605,0.23769567559369398
2022-01-31,0.21376461586443304,0.2198592710619964,0.18436017656987655,0.18138809841365366,0.18094689461608135,0.15564474,0.1920332029647227,0.1988705894450535
2022-02-01,0.20254530540829319,0.2118825102719324,0.17425810215774337,0.199951717862146,0.17582884558556586,0.1639391,0.19277528961866833,0.2017905094216545
2022-02-02,0.19576711657118065,0.20829177825707704,0.16534260856649244,0.1975449930306975,0.1565607343037695,0.14574893,0.1832909479685492,0.21623159120031135
2022-02-03,0.22804765296974366,0.23639698669314352,0.2338754966193731,0.20527820109329625,0.16691929157058455,0.17275631,0.20008171521120813,0.18129744097168696
2022-02-04,0.21389911084418492,0.22319555800703716,0.2195903258629427,0.2372357687355891,0.16169622969917816,0.17736767,0.20427703642631737,0.22365457721615395
2022-02-07,0.20015647105845388,0.20754138299458585,0.207925285154672,0.21801314503088481,0.1765281131282382,0.18413728,0.19823257640585898,0.22377324306479723
2022-02-08,0.1922483265597542,0.20317359836184082,0.1960044481989636,0.1995179926249243,0.18066545807837764,0.17658588,0.19081059242101872,0.24265419900198937
2022-02-09,0.19632594144304702,0.21013201133042103,0.1860228867419483,0.19963373659554595,0.14496086628788035,0.1562079,0.18030684810882444,0.22011490170549322
2022-02-10,0.20918552724096354,0.22575392753831516,0.21756190414743948,0.2050038835225077,0.19867610450277814,0.19343027,0.20428850508874977,0.23385443353029778
2022-02-11,0.22175738221714447,0.23974632119332362,0.24484998126391752,0.18395149169805303,0.20693469123930858,0.20170131,0.2042145217181687,0.1969993382295615
2022-02-14,0.20735818411280021,0.22209243059661038,0.23114626061373422,0.20145824702164417,0.2283484457842138,0.2069898,0.2123882923062194,0.20808812889904968
2022-02-15,0.21164909826339798,0.23044533068144582,0.2183515139178962,0.20362490191497173,0.17319008488505863,0.18360512,0.19615469502114277,0.21993723593628894
2022-02-16,0.19711327081354607,0.21037493283345776,0.20514534931500833,0.21456114890874373,0.19282950537137888,0.19681713,0.20150130836455624,0.24380687037115845
2022-02-17,0.21865213256069724,0.23069843518417443,0.2448064456778338,0.20562898255164153,0.2123800688081859,0.21060118,0.21222039464017492,0.24704962244006823
2022-02-18,0.20728671205911384,0.2212357872149723,0.2350289911175077,0.21477960868473905,0.20582315156270267,0.20436919,0.20929649076885184,0.2423387068573485
2022-02-22,0.20114986212559707,0.21861035236029688,0.2318792051118023,0.1976110107067346,0.20991662244256684,0.21466464,0.20289249842496615,0.25641078469354994
2022-02-23,0.21383369301051722,0.23200545497426725,0.25387740036004164,0.20146600151585203,0.26613168390845676,0.2372504,0.22714379281160868,0.25600007222790216
2022-02-24,0.21532177834569352,0.2360446011022317,0.23905696377416746,0.20520118028970985,0.24700455067905655,0.2618544,0.22250916977148663,0.23627632266359982
2022-02-25,0.23482417090691032,0.253805303956822,0.22697103570514718,0.2168592859703306,0.21476636339004465,0.2143434,0.2221499400890952,0.1853388534851244
2022-02-28,0.21859898008748688,0.2337022852933342,0.21377025671029004,0.21924854059873644,0.24468726925161913,0.21918634,0.22751159664594747,0.28159542865240145
2022-03-01,0.22092479244919297,0.2399490835076905,0.22894480455807975,0.22016090408030714,0.2913813040830702,0.279377,0.24415566687085677,0.2639996863865374
2022-03-02,0.22950705803578242,0.25004770994750664,0.2169027507131909,0.22936403590528687,0.238714869902394,0.22226553,0.23252865461448777,0.2914599217761004
2022-03-03,0.21531084353023577,0.23392723583877678,0.20715261750860348,0.23155526530262638,0.2086879220035481,0.2122752,0.21851801027880344,0.2906583366579389
2022-03-04,0.2051763969927793,0.22566702005135608,0.20274424623758183,0.22272148156998167,0.24070026906587397,0.25688025,0.22286604920954498,0.29977096784466556
2022-03-07,0.25301798787495106,0.2620394419130037,0.28436749591308214,0.1972698172928365,0.25026564952135183,0.26534724,0.23351781822971315,0.21774303944494555
2022-03-08,0.23820309755438884,0.24807691175235022,0.27090239060043797,0.24073036569928807,0.27624836365112415,0.28812194,0.2517272756349337,0.25955771540676953
2022-03-09,0.26203346850300063,0.27151375910262704,0.2568062232816851,0.23356677912619744,0.2661428521073846,0.2831029,0.25391436657886085,0.24417184128130373
2022-03-10,0.2441937951035909,0.25048614049278384,0.2424818275890907,0.24755914097423937,0.23562054435203855,0.23096012,0.24245782680995628,0.25744539345465783
2022-03-11,0.23794291156031636,0.2513964239991831,0.24520893620410586,0.25079649275626353,0.19830001784491638,0.22835957,0.22901314072049875,0.25392034322604845
2022-03-14,0.2256266929170328,0.23882915276577868,0.23615236143670107,0.2613750285310674,0.2311549708442532,0.24778658,0.23938556409745115,0.24837217187056623
2022-03-15,0.24043674708183424,0.25553191131961944,0.22419982493132729,0.22241761711040353,0.19557520861286162,0.2064055,0.21947652426836647,0.21317193012029678
2022-03-16,0.25482567599841977,0.27005668966588636,0.2135301767285883,0.24060893456709714,0.1700028082508739,0.18221577,0.22181247293879694,0.1686105524310903
2022-03-17,0.24611831454852243,0.26506224942071216,0.20181421266411623,0.23144593486547882,0.18062458813799875,0.19144328,0.21939627918399998,0.17624359386606472
2022-03-18,0.23743676709575184,0.2580276988435329,0.19097539328118746,0.2355042245558806,0.15965491261469777,0.17156811,0.2108653014221101,0.15991588388192204
2022-03-21,0.22067115028262602,0.23425233951501898,0.1801843949866686,0.23150006059883055,0.1890083124890966,0.21378937,0.2137265077901844,0.16768494047736177
2022-03-22,0.21458415993384125,0.2313995144772218,0.171141365903596,0.23093207686982847,0.16877978652590261,0.16160524,0.20476534110985745,0.17096637801880615
2022-03-23,0.21118533501875522,0.23123906423630053,0.18356256187875888,0.2130627449245941,0.17409511462075491,0.17455253,0.19944773152136808,0.15347015460496774
2022-03-24,0.21193183006508082,0.23381511698058413,0.17475348322106093,0.1894995664301169,0.16773664950056755,0.17104946,0.18972268199858844,0.16085522515068254
2022-03-25,0.19936281426981292,0.22040773280268044,0.16545553597969456,0.18815462869466143,0.16839344620250057,0.1622258,0.18530362972232498,0.15865527443340008
2022-03-28,0.19007692987464295,0.21179631939505708,0.1571429415947117,0.17561666735755893,0.1715796249653568,0.15940906,0.1790910740658529,0.16090267875278133
2022-03-29,0.18988616894378343,0.21473971922622578,0.15034800262666861,0.17414730026462572,0.1497866041347056,0.14742365,0.17127335778103825,0.16263864447134369
2022-03-30,0.180738332967496,0.20622895862695131,0.14962315227634007,0.17286740341696588,0.15579116807298146,0.15160508,0.1697989681524811,0.1710194724585399
2022-03-31,0.19026198109186443,0.21571956331659134,0.18008505808905503,0.16404753145801676,0.15425972773195823,0.15995969,0.16952308009394645,0.13270796133508775
2022-04-01,0.1786631842974886,0.2012887367096024,0.17024094914936058,0.16593006485787615,0.15691639015362632,0.15257204,0.1671698797696637,0.1318423771577066
2022-04-04,0.172987852648048,0.1968394883527123,0.16161941891294987,0.16444474926940605,0.15207226556228837,0.15545398,0.16316828915991413,0.16944539780087783
2022-04-05,0.1764440897893663,0.20278874118669488,0.17690081561246862,0.1646802780176833,0.1729725786590255,0.17956972,0.171365648822025,0.14581238735832303
2022-04-06,0.17374845260197613,0.20119207528507174,0.18065359264524075,0.16486119105366898,0.18817050470602167,0.18854311,0.17559338278722225,0.15059813979225395
2022-04-07,0.1643643897499184,0.19001323089381045,0.17080762588024215,0.16892334119879993,0.17639821644993678,0.1873473,0.16989531579955172,0.17116115667874843
2022-04-08,0.15487508923012905,0.17807139491420543,0.162717331550551,0.1501898188837929,0.17369430578929237,0.16725084,0.15958640463440477,0.1701267403387681
2022-04-11,0.17344958138677216,0.1941199834478139,0.1948713817854438,0.14757036553503222,0.17779114043434113,0.18952587,0.16627036245204851,0.16471414240989865
2022-04-12,0.163506866424623,0.18248062875087886,0.18529427256571668,0.16370689449760212,0.23588227043529597,0.23410776,0.18769867711917368,0.16297055652628092
2022-04-13,0.1652843641586413,0.18591054174747995,0.17578805447409088,0.15183175232915644,0.16783061812057434,0.1779436,0.16164891153612404,0.1773953051530197
2022-04-14,0.16913386993444846,0.19274783033185428,0.18691227265316793,0.15244894971325051,0.16119606793623828,0.17204039,0.16092629586131244,0.25265008647275916
2022-04-18,0.1584976266214805,0.17554953428684605,0.17643182190783238,0.1630353727683843,0.163674239002071,0.16693214,0.16173574613064526,0.25584562955394224
2022-04-19,0.17304739720924897,0.18958326459580008,0.16863003675410965,0.16435152155340732,0.17225612575117596,0.16780072,0.16988501483794408,0.30618353162894435
2022-04-20,0.16207572430219389,0.17418151476656007,0.15971839524348302,0.16130856951138262,0.15206320733987724,0.143308,0.15848250038448455,0.30651337772672077
2022-04-21,0.1729482508185832,0.18758369029285307,0.1837602023531163,0.16106941400756192,0.16893230841374648,0.16583686,0.1676499910799639,0.3360586324684813
2022-04-22,0.2247219554827818,0.2266976725413495,0.26239811887629455,0.16844301245431353,0.1868388991354281,0.19804439,0.19333462235750778,0.37668756191210834
2022-04-25,0.2114061722051325,0.21510610753317277,0.2461827275020715,0.20564572257400765,0.2080225567272685,0.2078626,0.2083581505021362,0.37667044084531215
2022-04-26,0.2525317246489742,0.2508258292788846,0.3054147274732831,0.21218285598237668,0.2309079325485193,0.26379785,0.23187417105995675,0.31933211397614736
2022-04-27,0.23473832061316013,0.22926729311562663,0.28585482761013625,0.24237108775053146,0.267102534860136,0.26631227,0.24807064774127588,0.3813005815322257
2022-04-28,0.2567807013019033,0.2529641657455181,0.27039912934086,0.25115139396207736,0.1981731063382341,0.24439281,0.23536840053407157,0.4262459964104506
2022-04-29,0.31416241996600486,0.2992507399260181,0.3620608364313433,0.27349217084545685,0.2771924157949545,0.2840139,0.28828233553547206,0.3383374927324095
